-- MySQL dump 10.13  Distrib 5.5.19, for Win32 (x86)
--
-- Host: localhost    Database: myccep
-- ------------------------------------------------------
-- Server version	5.5.19

/*!40101 SET @OLD_CHARACTER_SET_CLIENT=@@CHARACTER_SET_CLIENT */;
/*!40101 SET @OLD_CHARACTER_SET_RESULTS=@@CHARACTER_SET_RESULTS */;
/*!40101 SET @OLD_COLLATION_CONNECTION=@@COLLATION_CONNECTION */;
/*!40101 SET NAMES utf8 */;
/*!40103 SET @OLD_TIME_ZONE=@@TIME_ZONE */;
/*!40103 SET TIME_ZONE='+00:00' */;
/*!40014 SET @OLD_UNIQUE_CHECKS=@@UNIQUE_CHECKS, UNIQUE_CHECKS=0 */;
/*!40014 SET @OLD_FOREIGN_KEY_CHECKS=@@FOREIGN_KEY_CHECKS, FOREIGN_KEY_CHECKS=0 */;
/*!40101 SET @OLD_SQL_MODE=@@SQL_MODE, SQL_MODE='NO_AUTO_VALUE_ON_ZERO' */;
/*!40111 SET @OLD_SQL_NOTES=@@SQL_NOTES, SQL_NOTES=0 */;

--
-- Table structure for table `address_info_p`
--

DROP TABLE IF EXISTS `address_info_p`;
/*!40101 SET @saved_cs_client     = @@character_set_client */;
/*!40101 SET character_set_client = utf8 */;
CREATE TABLE `address_info_p` (
  `id` int(11) NOT NULL AUTO_INCREMENT,
  `publicIp` varchar(45) DEFAULT NULL,
  `instanceId` varchar(45) DEFAULT NULL,
  `asset` int(11) DEFAULT NULL,
  `name` varchar(45) DEFAULT NULL,
  `reason` varchar(255) DEFAULT NULL,
  `associated` tinyint(1) DEFAULT NULL,
  `status` varchar(45) DEFAULT NULL,
  PRIMARY KEY (`id`),
  KEY `ix_Address_Info_P_Asset1` (`asset`),
  CONSTRAINT `fk_Address_Info_P_Asset1` FOREIGN KEY (`asset`) REFERENCES `asset` (`id`) ON DELETE NO ACTION ON UPDATE NO ACTION
) ENGINE=InnoDB AUTO_INCREMENT=322 DEFAULT CHARSET=utf8;
/*!40101 SET character_set_client = @saved_cs_client */;

--
-- Dumping data for table `address_info_p`
--

LOCK TABLES `address_info_p` WRITE;
/*!40000 ALTER TABLE `address_info_p` DISABLE KEYS */;
INSERT INTO `address_info_p` VALUES (320,'192.168.253.100','i-41A508CC (eucalyptus)',599,NULL,NULL,NULL,'taken'),(321,'192.168.253.101','i-3D27063B (eucalyptus)',600,NULL,NULL,NULL,'taken');
/*!40000 ALTER TABLE `address_info_p` ENABLE KEYS */;
UNLOCK TABLES;

--
-- Table structure for table `asset`
--

DROP TABLE IF EXISTS `asset`;
/*!40101 SET @saved_cs_client     = @@character_set_client */;
/*!40101 SET character_set_client = utf8 */;
CREATE TABLE `asset` (
  `id` int(11) NOT NULL AUTO_INCREMENT,
  `user` int(11) DEFAULT NULL,
  `productCatalog` int(11) DEFAULT NULL,
  `name` varchar(45) DEFAULT NULL,
  `active` tinyint(1) DEFAULT NULL,
  `details` varchar(255) DEFAULT NULL,
  `assetType` int(11) DEFAULT NULL,
  `startTime` datetime DEFAULT NULL,
  `endTime` datetime DEFAULT NULL,
  `startRate` int(11) DEFAULT NULL,
  PRIMARY KEY (`id`),
  KEY `ix_Asset_User1` (`user`),
  KEY `ix_Asset_Product_Catalog1` (`productCatalog`),
  KEY `ix_Asset_Asset_Type1` (`assetType`),
  CONSTRAINT `fk_Asset_Asset_Type1` FOREIGN KEY (`assetType`) REFERENCES `asset_type` (`id`) ON DELETE NO ACTION ON UPDATE NO ACTION,
  CONSTRAINT `fk_Asset_Product_Catalog1` FOREIGN KEY (`productCatalog`) REFERENCES `product_catalog` (`id`) ON DELETE NO ACTION ON UPDATE NO ACTION,
  CONSTRAINT `fk_Asset_User1` FOREIGN KEY (`user`) REFERENCES `user` (`id`) ON DELETE NO ACTION ON UPDATE NO ACTION
) ENGINE=InnoDB AUTO_INCREMENT=743 DEFAULT CHARSET=utf8;
/*!40101 SET character_set_client = @saved_cs_client */;

--
-- Dumping data for table `asset`
--

LOCK TABLES `asset` WRITE;
/*!40000 ALTER TABLE `asset` DISABLE KEYS */;
INSERT INTO `asset` VALUES (490,34,1,'IP address from Euca',1,'from Euca ',10,'2012-02-11 00:00:00','2012-02-21 00:00:00',10),(491,34,1,'IP address from Euca',1,'from Euca ',10,'2012-02-11 00:00:00','2012-02-21 00:00:00',10),(492,34,1,'IP address from Euca',1,'from Euca ',10,'2012-02-11 00:00:00','2012-02-21 00:00:00',10),(493,34,1,'IP address from Euca',1,'from Euca ',10,'2012-02-11 00:00:00','2012-02-21 00:00:00',10),(494,34,1,'IP address from Euca',1,'from Euca ',10,'2012-02-11 00:00:00','2012-02-21 00:00:00',10),(495,34,1,'IP address from Euca',1,'from Euca ',10,'2012-02-11 00:00:00','2012-02-21 00:00:00',10),(496,34,1,'IP address from Euca',1,'from Euca ',10,'2012-02-11 00:00:00','2012-02-21 00:00:00',10),(497,34,1,'IP address from Euca',1,'from Euca ',10,'2012-02-11 00:00:00','2012-02-21 00:00:00',10),(498,34,1,'IP address from Euca',1,'from Euca ',10,'2012-02-11 00:00:00','2012-02-21 00:00:00',10),(499,34,1,'IP address from Euca',1,'from Euca ',10,'2012-02-11 00:00:00','2012-02-21 00:00:00',10),(500,34,1,'IP address from Euca',1,'from Euca ',10,'2012-02-11 00:00:00','2012-02-21 00:00:00',10),(501,34,1,'IP address from Euca',1,'from Euca ',10,'2012-02-11 00:00:00','2012-02-21 00:00:00',10),(502,34,1,'IP address from Euca',1,'from Euca ',10,'2012-02-11 00:00:00','2012-02-21 00:00:00',10),(503,34,1,'IP address from Euca',1,'from Euca ',10,'2012-02-11 00:00:00','2012-02-21 00:00:00',10),(504,34,1,'IP address from Euca',1,'from Euca ',10,'2012-02-11 00:00:00','2012-02-21 00:00:00',10),(505,34,1,'IP address from Euca',1,'from Euca ',10,'2012-02-11 00:00:00','2012-02-21 00:00:00',10),(506,34,1,'IP address from Euca',1,'from Euca ',10,'2012-02-11 00:00:00','2012-02-21 00:00:00',10),(507,34,1,'IP address from Euca',1,'from Euca ',10,'2012-02-11 00:00:00','2012-02-21 00:00:00',10),(508,34,1,'IP address from Euca',1,'from Euca ',10,'2012-02-11 00:00:00','2012-02-21 00:00:00',10),(509,34,1,'IP address from Euca',1,'from Euca ',10,'2012-02-11 00:00:00','2012-02-21 00:00:00',10),(510,34,1,'IP address from Euca',1,'from Euca ',10,'2012-02-11 00:00:00','2012-02-21 00:00:00',10),(511,34,2,'sec group from Euca',1,'from Euca ',11,'2012-02-11 00:00:00','2012-02-21 00:00:00',10),(512,34,2,'sec group from Euca',1,'from Euca ',11,'2012-02-11 00:00:00','2012-02-21 00:00:00',10),(513,34,4,'Volume from Euca',1,'from Euca ',13,'2012-02-11 00:00:00','2012-02-21 00:00:00',10),(514,34,4,'Volume from Euca',1,'from Euca ',13,'2012-02-11 00:00:00','2012-02-21 00:00:00',10),(515,34,4,'Volume from Euca',1,'from Euca ',13,'2012-02-11 00:00:00','2012-02-21 00:00:00',10),(516,34,4,'Volume from Euca',1,'from Euca ',13,'2012-02-11 00:00:00','2012-02-21 00:00:00',10),(517,34,5,'Snapshots from Euca',1,'from Euca ',14,'2012-02-11 00:00:00','2012-02-21 00:00:00',10),(518,34,5,'Snapshots from Euca',1,'from Euca ',14,'2012-02-11 00:00:00','2012-02-21 00:00:00',10),(519,34,6,'Compute Image from Euca',1,'from Euca ',15,'2012-02-11 00:00:00','2012-02-21 00:00:00',10),(520,34,6,'Compute Image from Euca',1,'from Euca ',15,'2012-02-11 00:00:00','2012-02-21 00:00:00',10),(521,34,6,'Compute Image from Euca',1,'from Euca ',15,'2012-02-11 00:00:00','2012-02-21 00:00:00',10),(522,34,6,'Compute Image from Euca',1,'from Euca ',15,'2012-02-11 00:00:00','2012-02-21 00:00:00',10),(523,34,6,'Compute Image from Euca',1,'from Euca ',15,'2012-02-11 00:00:00','2012-02-21 00:00:00',10),(524,34,6,'Compute Image from Euca',1,'from Euca ',15,'2012-02-11 00:00:00','2012-02-21 00:00:00',10),(525,34,6,'Compute Image from Euca',1,'from Euca ',15,'2012-02-11 00:00:00','2012-02-21 00:00:00',10),(526,34,6,'Compute Image from Euca',1,'from Euca ',15,'2012-02-11 00:00:00','2012-02-21 00:00:00',10),(527,34,6,'Compute Image from Euca',1,'from Euca ',15,'2012-02-11 00:00:00','2012-02-21 00:00:00',10),(528,34,6,'Compute Image from Euca',1,'from Euca ',15,'2012-02-11 00:00:00','2012-02-21 00:00:00',10),(529,34,6,'Compute Image from Euca',1,'from Euca ',15,'2012-02-11 00:00:00','2012-02-21 00:00:00',10),(530,34,6,'Compute Image from Euca',1,'from Euca ',15,'2012-02-11 00:00:00','2012-02-21 00:00:00',10),(531,34,6,'Compute Image from Euca',1,'from Euca ',15,'2012-02-11 00:00:00','2012-02-21 00:00:00',10),(532,34,6,'Compute Image from Euca',1,'from Euca ',15,'2012-02-11 00:00:00','2012-02-21 00:00:00',10),(533,34,6,'Compute Image from Euca',1,'from Euca ',15,'2012-02-11 00:00:00','2012-02-21 00:00:00',10),(534,34,6,'Compute Image from Euca',1,'from Euca ',15,'2012-02-11 00:00:00','2012-02-21 00:00:00',10),(535,34,6,'Compute Image from Euca',1,'from Euca ',15,'2012-02-11 00:00:00','2012-02-21 00:00:00',10),(536,34,NULL,'Compute Reservation from Euca',1,'from Euca ',16,'2012-02-11 00:00:00','2012-02-21 00:00:00',10),(537,34,NULL,'Compute Reservation from Euca',1,'from Euca ',16,'2012-02-11 00:00:00','2012-02-21 00:00:00',10),(538,34,NULL,'Compute Reservation from Euca',1,'from Euca ',16,'2012-02-11 00:00:00','2012-02-21 00:00:00',10),(539,34,9,'Key Pair from Euca',1,'from Euca ',18,'2012-02-11 00:00:00','2012-02-21 00:00:00',10),(540,34,9,'Key Pair from Euca',1,'from Euca ',18,'2012-02-11 00:00:00','2012-02-21 00:00:00',10),(541,34,9,'Key Pair from Euca',1,'from Euca ',18,'2012-02-11 00:00:00','2012-02-21 00:00:00',10),(542,34,9,'Key Pair from Euca',1,'from Euca ',18,'2012-02-11 00:00:00','2012-02-21 00:00:00',10),(543,34,9,'Key Pair from Euca',1,'from Euca ',18,'2012-02-11 00:00:00','2012-02-21 00:00:00',10),(544,34,9,'Key Pair from Euca',1,'from Euca ',18,'2012-02-11 00:00:00','2012-02-21 00:00:00',10),(545,34,NULL,NULL,1,'from myccep ',16,'2012-02-11 00:00:00','2012-02-21 00:00:00',10),(546,34,NULL,NULL,1,'from myccep ',16,'2012-02-11 00:00:00','2012-02-21 00:00:00',10),(547,34,NULL,NULL,1,'from myccep ',16,'2012-02-11 00:00:00','2012-02-21 00:00:00',10),(548,34,NULL,NULL,1,'from myccep ',16,'2012-02-11 00:00:00','2012-02-21 00:00:00',10),(549,34,NULL,NULL,1,'from myccep ',16,'2012-02-11 00:00:00','2012-02-21 00:00:00',10),(550,34,NULL,NULL,1,'from myccep ',16,'2012-02-11 00:00:00','2012-02-21 00:00:00',10),(551,34,NULL,NULL,1,'from myccep ',16,'2012-02-11 00:00:00','2012-02-21 00:00:00',10),(552,34,NULL,NULL,1,'from myccep ',16,'2012-02-11 00:00:00','2012-02-21 00:00:00',10),(553,34,NULL,NULL,1,'from myccep ',16,'2012-02-11 00:00:00','2012-02-21 00:00:00',10),(554,34,NULL,NULL,1,'from myccep ',16,'2012-02-11 00:00:00','2012-02-21 00:00:00',10),(555,34,NULL,NULL,1,'from myccep ',16,'2012-02-11 00:00:00','2012-02-21 00:00:00',10),(556,34,NULL,NULL,1,'from myccep ',16,'2012-02-11 00:00:00','2012-02-21 00:00:00',10),(557,34,NULL,NULL,1,'from myccep ',16,'2012-02-11 00:00:00','2012-02-21 00:00:00',10),(558,34,NULL,NULL,1,'from myccep ',16,'2012-02-11 00:00:00','2012-02-21 00:00:00',10),(559,34,NULL,NULL,1,'from myccep ',16,'2012-02-11 00:00:00','2012-02-21 00:00:00',10),(560,34,NULL,NULL,1,'from myccep ',16,'2012-02-11 00:00:00','2012-02-21 00:00:00',10),(561,34,NULL,NULL,1,'from myccep ',16,'2012-02-11 00:00:00','2012-02-21 00:00:00',10),(562,34,NULL,NULL,1,'from myccep ',16,'2012-02-11 00:00:00','2012-02-21 00:00:00',10),(563,34,NULL,NULL,1,'from myccep ',16,'2012-02-11 00:00:00','2012-02-21 00:00:00',10),(564,34,NULL,NULL,1,'from myccep ',16,'2012-02-11 00:00:00','2012-02-21 00:00:00',10),(565,34,NULL,NULL,1,'from myccep ',16,'2012-02-11 00:00:00','2012-02-21 00:00:00',10),(566,34,NULL,NULL,1,'from myccep ',16,'2012-02-11 00:00:00','2012-02-21 00:00:00',10),(567,34,NULL,NULL,1,'from myccep ',16,'2012-02-11 00:00:00','2012-02-21 00:00:00',10),(568,34,NULL,NULL,1,'from myccep ',16,'2012-02-11 00:00:00','2012-02-21 00:00:00',10),(569,34,NULL,NULL,1,'from myccep ',16,'2012-02-11 00:00:00','2012-02-21 00:00:00',10),(570,34,NULL,NULL,1,'from myccep ',16,'2012-02-11 00:00:00','2012-02-21 00:00:00',10),(571,34,NULL,NULL,1,'from myccep ',16,'2012-02-11 00:00:00','2012-02-21 00:00:00',10),(572,34,NULL,NULL,1,'from myccep ',16,'2012-02-11 00:00:00','2012-02-21 00:00:00',10),(573,34,NULL,NULL,1,'from myccep ',16,'2012-02-11 00:00:00','2012-02-21 00:00:00',10),(574,34,NULL,NULL,1,'from myccep ',16,'2012-02-11 00:00:00','2012-02-21 00:00:00',10),(575,34,NULL,NULL,1,'from myccep ',16,'2012-02-11 00:00:00','2012-02-21 00:00:00',10),(576,34,NULL,NULL,1,'from myccep ',16,'2012-02-11 00:00:00','2012-02-21 00:00:00',10),(577,34,NULL,NULL,1,'from myccep ',16,'2012-02-11 00:00:00','2012-02-21 00:00:00',10),(578,34,NULL,NULL,1,'from myccep ',16,'2012-02-11 00:00:00','2012-02-21 00:00:00',10),(579,34,NULL,NULL,1,'from myccep ',16,'2012-02-11 00:00:00','2012-02-21 00:00:00',10),(580,34,NULL,NULL,1,'from myccep ',16,'2012-02-11 00:00:00','2012-02-21 00:00:00',10),(581,34,NULL,NULL,1,'from myccep ',16,'2012-02-11 00:00:00','2012-02-21 00:00:00',10),(582,34,NULL,NULL,1,'from myccep ',16,'2012-02-11 00:00:00','2012-02-21 00:00:00',10),(583,34,NULL,NULL,1,'from myccep ',16,'2012-02-11 00:00:00','2012-02-21 00:00:00',10),(584,34,NULL,NULL,1,'from myccep ',16,'2012-02-11 00:00:00','2012-02-21 00:00:00',10),(585,34,NULL,NULL,1,'from myccep ',16,'2012-02-11 00:00:00','2012-02-21 00:00:00',10),(586,34,NULL,NULL,1,'from myccep ',16,'2012-02-11 00:00:00','2012-02-21 00:00:00',10),(587,34,NULL,NULL,1,'from myccep ',16,'2012-02-11 00:00:00','2012-02-21 00:00:00',10),(588,34,NULL,NULL,1,'from myccep ',16,'2012-02-11 00:00:00','2012-02-21 00:00:00',10),(589,34,NULL,NULL,1,'from myccep ',16,'2012-02-11 00:00:00','2012-02-21 00:00:00',10),(590,34,NULL,NULL,1,'from myccep ',16,'2012-02-11 00:00:00','2012-02-21 00:00:00',10),(591,34,4,'Volume from Euca',1,'from Euca ',13,'2012-02-11 00:00:00','2012-02-21 00:00:00',10),(592,34,4,'Volume from Euca',1,'from Euca ',13,'2012-02-11 00:00:00','2012-02-21 00:00:00',10),(593,34,4,'Volume from Euca',1,'from Euca ',13,'2012-02-11 00:00:00','2012-02-21 00:00:00',10),(594,34,4,'Volume from Euca',1,'from Euca ',13,'2012-02-11 00:00:00','2012-02-21 00:00:00',10),(595,34,5,'Snapshots from Euca',1,'from Euca ',14,'2012-02-11 00:00:00','2012-02-21 00:00:00',10),(596,34,5,'Snapshots from Euca',1,'from Euca ',14,'2012-02-11 00:00:00','2012-02-21 00:00:00',10),(597,34,NULL,'Compute Reservation from Euca',1,'from Euca ',16,'2012-02-11 00:00:00','2012-02-21 00:00:00',10),(598,34,NULL,NULL,1,'from myccep ',16,'2012-02-11 00:00:00','2012-02-21 00:00:00',10),(599,34,1,'IP address from Euca',1,'from Euca ',10,'2012-02-11 00:00:00','2012-02-21 00:00:00',10),(600,34,1,'IP address from Euca',1,'from Euca ',10,'2012-02-11 00:00:00','2012-02-21 00:00:00',10),(601,34,NULL,NULL,1,'from myccep ',16,'2012-02-11 00:00:00','2012-02-21 00:00:00',10),(602,34,1,'IP address from Euca',1,'from Euca ',10,'2012-02-11 00:00:00','2012-02-21 00:00:00',10),(603,34,NULL,'Compute Reservation from Euca',1,'from Euca ',16,'2012-02-11 00:00:00','2012-02-21 00:00:00',10),(604,34,NULL,NULL,1,'from myccep ',16,'2012-02-11 00:00:00','2012-02-21 00:00:00',10),(605,34,NULL,NULL,1,'from myccep ',16,'2012-02-11 00:00:00','2012-02-21 00:00:00',10),(606,34,NULL,NULL,1,'from myccep ',16,'2012-02-11 00:00:00','2012-02-21 00:00:00',10),(607,34,1,'IP address from Euca',1,'from Euca ',10,'2012-02-11 00:00:00','2012-02-21 00:00:00',10),(608,34,1,'IP address from Euca',1,'from Euca ',10,'2012-02-11 00:00:00','2012-02-21 00:00:00',10),(609,34,1,'IP address from Euca',1,'from Euca ',10,'2012-02-11 00:00:00','2012-02-21 00:00:00',10),(610,34,1,'IP address from Euca',1,'from Euca ',10,'2012-02-11 00:00:00','2012-02-21 00:00:00',10),(611,34,1,'IP address from Euca',1,'from Euca ',10,'2012-02-11 00:00:00','2012-02-21 00:00:00',10),(612,34,NULL,'Compute Reservation from Euca',1,'from Euca ',16,'2012-02-11 00:00:00','2012-02-21 00:00:00',10),(613,34,NULL,'Compute Reservation from Euca',1,'from Euca ',16,'2012-02-11 00:00:00','2012-02-21 00:00:00',10),(614,34,1,'IP address from Euca',1,'from Euca ',10,'2012-02-11 00:00:00','2012-02-21 00:00:00',10),(615,34,1,'IP address from Euca',1,'from Euca ',10,'2012-02-11 00:00:00','2012-02-21 00:00:00',10),(616,34,1,'IP address from Euca',1,'from Euca ',10,'2012-02-11 00:00:00','2012-02-21 00:00:00',10),(617,34,1,'IP address from Euca',1,'from Euca ',10,'2012-02-11 00:00:00','2012-02-21 00:00:00',10),(618,34,1,'IP address from Euca',1,'from Euca ',10,'2012-02-11 00:00:00','2012-02-21 00:00:00',10),(619,34,1,'IP address from Euca',1,'from Euca ',10,'2012-02-11 00:00:00','2012-02-21 00:00:00',10),(620,34,1,'IP address from Euca',1,'from Euca ',10,'2012-02-11 00:00:00','2012-02-21 00:00:00',10),(621,34,1,'IP address from Euca',1,'from Euca ',10,'2012-02-11 00:00:00','2012-02-21 00:00:00',10),(622,34,1,'IP address from Euca',1,'from Euca ',10,'2012-02-11 00:00:00','2012-02-21 00:00:00',10),(623,34,1,'IP address from Euca',1,'from Euca ',10,'2012-02-11 00:00:00','2012-02-21 00:00:00',10),(624,34,1,'IP address from Euca',1,'from Euca ',10,'2012-02-11 00:00:00','2012-02-21 00:00:00',10),(625,34,1,'IP address from Euca',1,'from Euca ',10,'2012-02-11 00:00:00','2012-02-21 00:00:00',10),(626,34,1,'IP address from Euca',1,'from Euca ',10,'2012-02-11 00:00:00','2012-02-21 00:00:00',10),(627,34,1,'IP address from Euca',1,'from Euca ',10,'2012-02-11 00:00:00','2012-02-21 00:00:00',10),(628,34,1,'IP address from Euca',1,'from Euca ',10,'2012-02-11 00:00:00','2012-02-21 00:00:00',10),(629,34,1,'IP address from Euca',1,'from Euca ',10,'2012-02-11 00:00:00','2012-02-21 00:00:00',10),(630,34,1,'IP address from Euca',1,'from Euca ',10,'2012-02-11 00:00:00','2012-02-21 00:00:00',10),(631,34,1,'IP address from Euca',1,'from Euca ',10,'2012-02-11 00:00:00','2012-02-21 00:00:00',10),(632,34,1,'IP address from Euca',1,'from Euca ',10,'2012-02-11 00:00:00','2012-02-21 00:00:00',10),(633,34,1,'IP address from Euca',1,'from Euca ',10,'2012-02-11 00:00:00','2012-02-21 00:00:00',10),(634,34,1,'IP address from Euca',1,'from Euca ',10,'2012-02-11 00:00:00','2012-02-21 00:00:00',10),(635,34,1,'IP address from Euca',1,'from Euca ',10,'2012-02-11 00:00:00','2012-02-21 00:00:00',10),(636,34,1,'IP address from Euca',1,'from Euca ',10,'2012-02-11 00:00:00','2012-02-21 00:00:00',10),(637,34,1,'IP address from Euca',1,'from Euca ',10,'2012-02-11 00:00:00','2012-02-21 00:00:00',10),(638,34,1,'IP address from Euca',1,'from Euca ',10,'2012-02-11 00:00:00','2012-02-21 00:00:00',10),(639,34,1,'IP address from Euca',1,'from Euca ',10,'2012-02-11 00:00:00','2012-02-21 00:00:00',10),(640,34,1,'IP address from Euca',1,'from Euca ',10,'2012-02-11 00:00:00','2012-02-21 00:00:00',10),(641,34,1,NULL,1,'from myccep',10,'2012-02-11 00:00:00','2012-02-21 00:00:00',10),(642,34,4,'Volume from Mycp',1,'from Mycp ',13,'2012-02-11 00:00:00','2012-02-21 00:00:00',10),(643,34,4,'Volume from Mycp',1,'from Mycp ',13,'2012-02-11 00:00:00','2012-02-21 00:00:00',10),(644,34,4,'Volume from Mycp',1,'from Mycp ',13,'2012-02-11 00:00:00','2012-02-21 00:00:00',10),(645,34,4,'Volume from Mycp',1,'from Mycp ',13,'2012-02-11 00:00:00','2012-02-21 00:00:00',10),(646,34,4,'Volume from Mycp',1,'from Mycp ',13,'2012-02-11 00:00:00','2012-02-21 00:00:00',10),(647,34,4,'Volume from Mycp',1,'from Mycp ',13,'2012-02-11 00:00:00','2012-02-21 00:00:00',10),(648,34,4,'Volume from Mycp',1,'from Mycp ',13,'2012-02-11 00:00:00','2012-02-21 00:00:00',10),(649,34,4,'Volume from Mycp',1,'from Mycp ',13,'2012-02-11 00:00:00','2012-02-21 00:00:00',10),(650,34,4,'Volume from Mycp',1,'from Mycp ',13,'2012-02-11 00:00:00','2012-02-21 00:00:00',10),(651,34,1,'IP address from Euca',1,'from Euca ',10,'2012-02-11 00:00:00','2012-02-21 00:00:00',10),(652,34,1,'IP address from Euca',1,'from Euca ',10,'2012-02-11 00:00:00','2012-02-21 00:00:00',10),(653,34,1,'IP address from Euca',1,'from Euca ',10,'2012-02-11 00:00:00','2012-02-21 00:00:00',10),(654,34,4,'Volume from Mycp',1,'from Mycp ',13,'2012-02-11 00:00:00','2012-02-21 00:00:00',10),(655,34,1,'IP address from Euca',1,'from Euca ',10,'2012-02-11 00:00:00','2012-02-21 00:00:00',10),(656,34,4,'Volume from Mycp',1,'from Mycp ',13,'2012-02-11 00:00:00','2012-02-21 00:00:00',10),(657,34,NULL,NULL,1,'from myccep ',16,'2012-02-11 00:00:00','2012-02-21 00:00:00',10),(658,34,NULL,NULL,1,'from myccep ',16,'2012-02-11 00:00:00','2012-02-21 00:00:00',10),(659,34,NULL,NULL,1,'from myccep ',16,'2012-02-11 00:00:00','2012-02-21 00:00:00',10),(660,34,NULL,NULL,1,'from myccep ',16,'2012-02-11 00:00:00','2012-02-21 00:00:00',10),(661,34,NULL,NULL,1,'from myccep ',16,'2012-02-11 00:00:00','2012-02-21 00:00:00',10),(662,34,NULL,NULL,1,'from myccep ',16,'2012-02-11 00:00:00','2012-02-21 00:00:00',10),(663,34,NULL,NULL,1,'from myccep',16,'2012-02-11 00:00:00','2012-02-21 00:00:00',10),(664,34,4,NULL,1,'from myccep',13,'2012-02-11 00:00:00','2012-02-21 00:00:00',10),(665,34,1,NULL,1,'from myccep',10,'2012-02-11 00:00:00','2012-02-21 00:00:00',10),(666,34,1,NULL,1,'from myccep',10,'2012-02-11 00:00:00','2012-02-21 00:00:00',10),(667,34,1,NULL,1,'from myccep',10,'2012-02-11 00:00:00','2012-02-21 00:00:00',10),(668,34,6,NULL,1,'from myccep',15,'2012-02-11 00:00:00','2012-02-21 00:00:00',10),(669,34,6,NULL,1,'from myccep',15,'2012-02-11 00:00:00','2012-02-21 00:00:00',10),(670,34,6,NULL,1,'from myccep',15,'2012-02-11 00:00:00','2012-02-21 00:00:00',10),(671,34,6,NULL,1,'from myccep',15,'2012-02-11 00:00:00','2012-02-21 00:00:00',10),(672,34,6,NULL,1,'from myccep',15,'2012-02-11 00:00:00','2012-02-21 00:00:00',10),(673,34,5,NULL,1,'from myccep',14,'2012-02-11 00:00:00','2012-02-21 00:00:00',10),(674,34,5,NULL,1,'from myccep',14,'2012-02-11 00:00:00','2012-02-21 00:00:00',10),(675,34,5,NULL,1,'from myccep',14,'2012-02-11 00:00:00','2012-02-21 00:00:00',10),(676,34,5,NULL,1,'from myccep',14,'2012-02-11 00:00:00','2012-02-21 00:00:00',10),(677,34,5,NULL,1,'from myccep',14,'2012-02-11 00:00:00','2012-02-21 00:00:00',10),(678,34,5,NULL,1,'from myccep',14,'2012-02-11 00:00:00','2012-02-21 00:00:00',10),(679,34,5,NULL,1,'from myccep',14,'2012-02-11 00:00:00','2012-02-21 00:00:00',10),(680,34,5,NULL,1,'from myccep',14,'2012-02-11 00:00:00','2012-02-21 00:00:00',10),(681,34,5,NULL,1,'from myccep',14,'2012-02-11 00:00:00','2012-02-21 00:00:00',10),(682,34,9,NULL,1,'from myccep',18,'2012-02-11 00:00:00','2012-02-21 00:00:00',10),(683,34,9,NULL,1,'from myccep',18,'2012-02-11 00:00:00','2012-02-21 00:00:00',10),(684,34,9,NULL,1,'from myccep',18,'2012-02-11 00:00:00','2012-02-21 00:00:00',10),(685,34,9,NULL,1,'from myccep',18,'2012-02-11 00:00:00','2012-02-21 00:00:00',10),(686,34,2,NULL,1,'from myccep',11,'2012-02-11 00:00:00','2012-02-21 00:00:00',10),(687,34,2,NULL,1,'from myccep',11,'2012-02-11 00:00:00','2012-02-21 00:00:00',10),(688,34,NULL,NULL,1,'from myccep',16,'2012-02-11 00:00:00','2012-02-21 00:00:00',10),(689,34,8,NULL,1,'from myccep',17,'2012-02-11 00:00:00','2012-02-21 00:00:00',10),(690,34,8,NULL,1,'from myccep',17,'2012-02-11 00:00:00','2012-02-21 00:00:00',10),(691,34,4,NULL,1,'from myccep',13,'2012-02-11 00:00:00','2012-02-21 00:00:00',10),(692,34,1,NULL,1,'from myccep',10,'2012-02-11 00:00:00','2012-02-21 00:00:00',10),(693,34,8,NULL,1,'from myccep',17,'2012-02-11 00:00:00','2012-02-21 00:00:00',10),(694,34,8,NULL,1,'from myccep',17,'2012-02-11 00:00:00','2012-02-21 00:00:00',10),(695,34,8,NULL,1,'from myccep',17,'2012-02-11 00:00:00','2012-02-21 00:00:00',10),(696,34,2,NULL,1,'from myccep',11,'2012-02-11 00:00:00','2012-02-21 00:00:00',10),(697,37,8,NULL,1,'from myccep',17,'2012-02-11 00:00:00','2012-02-21 00:00:00',10),(698,45,8,NULL,1,'from myccep',17,'2012-02-22 16:25:49',NULL,12),(699,53,2,NULL,1,'from myccep',11,'2012-02-24 14:02:15',NULL,12),(700,53,9,NULL,1,'from myccep',18,'2012-02-24 16:02:11',NULL,12),(701,53,8,NULL,1,'from myccep',17,'2012-02-24 16:02:42',NULL,12),(702,34,8,NULL,1,'from myccep',17,'2012-02-25 21:30:42',NULL,12),(703,56,9,NULL,1,'from myccep',18,'2012-03-06 10:49:36',NULL,1),(704,56,2,NULL,1,'from myccep',11,'2012-03-06 10:51:22',NULL,3),(705,56,2,NULL,1,'from myccep',11,'2012-03-06 10:52:17',NULL,3),(706,56,2,NULL,1,'from myccep',11,'2012-03-06 10:54:15',NULL,3),(707,56,8,NULL,1,'from myccep',17,'2012-03-06 11:20:24',NULL,5),(708,56,2,NULL,1,'from myccep',11,'2012-03-06 11:39:59',NULL,3),(709,56,2,NULL,1,'from myccep',11,'2012-03-06 11:48:09',NULL,3),(710,34,25,NULL,1,'from mycp',11,'2012-03-06 12:20:11',NULL,10),(711,34,2,NULL,1,'from mycp',11,'2012-03-06 12:21:27',NULL,3),(712,34,2,NULL,1,'from mycp',11,'2012-03-06 12:28:57',NULL,3),(713,56,25,NULL,1,'from mycp',11,'2012-03-06 12:44:09',NULL,10),(714,56,25,NULL,1,'from mycp',11,'2012-03-06 13:42:41',NULL,10),(715,56,25,NULL,1,'from mycp',11,'2012-03-06 13:51:11',NULL,10),(716,56,22,NULL,1,'from mycp',17,'2012-03-06 13:52:42',NULL,10),(717,56,26,NULL,1,'from mycp',13,'2012-03-06 14:19:52',NULL,10),(718,56,26,NULL,1,'from mycp',13,'2012-03-06 14:23:25',NULL,10),(719,56,26,NULL,1,'from mycp',13,'2012-03-06 14:25:07',NULL,10),(720,56,26,NULL,1,'from mycp',13,'2012-03-06 14:29:32',NULL,10),(721,56,4,NULL,1,'from mycp',13,'2012-03-06 14:30:12',NULL,1),(722,56,26,NULL,1,'from mycp',13,'2012-03-06 14:37:18',NULL,10),(723,56,4,NULL,1,'from mycp',13,'2012-03-06 14:37:39',NULL,1),(724,56,NULL,NULL,1,'from mycp',10,'2012-03-06 15:19:10',NULL,NULL),(725,56,NULL,NULL,1,'from mycp',10,'2012-03-06 15:29:01',NULL,NULL),(726,56,NULL,NULL,1,'from mycp',10,'2012-03-06 15:30:56',NULL,NULL),(727,56,NULL,NULL,1,'from mycp',10,'2012-03-06 15:33:45',NULL,NULL),(728,56,NULL,NULL,1,'from mycp',10,'2012-03-06 15:35:03',NULL,NULL),(729,56,NULL,NULL,1,'from mycp',10,'2012-03-06 15:38:25',NULL,NULL),(730,56,NULL,NULL,1,'from mycp',10,'2012-03-06 15:46:28',NULL,NULL),(731,56,NULL,NULL,1,'from mycp',10,'2012-03-06 15:47:49',NULL,NULL),(732,56,NULL,NULL,1,'from mycp',10,'2012-03-06 15:48:30',NULL,NULL),(733,56,23,NULL,1,'from mycp',10,'2012-03-06 15:52:06',NULL,10),(734,58,36,NULL,1,'from mycp',18,'2012-03-07 17:52:24',NULL,10),(735,58,37,NULL,1,'from mycp',11,'2012-03-07 17:53:14',NULL,10),(736,58,37,NULL,1,'from mycp',11,'2012-03-07 18:09:10',NULL,10),(737,58,34,NULL,1,'from mycp',17,'2012-03-07 18:13:58',NULL,10),(738,58,34,NULL,1,'from mycp',17,'2012-03-07 18:30:28',NULL,10),(739,58,34,NULL,1,'from mycp',17,'2012-03-07 18:34:39',NULL,10),(740,58,34,NULL,1,'from mycp',17,'2012-03-07 18:39:54',NULL,10),(741,58,34,NULL,1,'from mycp',17,'2012-03-07 18:42:28',NULL,10),(742,58,34,NULL,1,'from mycp',17,'2012-03-07 18:52:03',NULL,10);
/*!40000 ALTER TABLE `asset` ENABLE KEYS */;
UNLOCK TABLES;

--
-- Table structure for table `asset_type`
--

DROP TABLE IF EXISTS `asset_type`;
/*!40101 SET @saved_cs_client     = @@character_set_client */;
/*!40101 SET character_set_client = utf8 */;
CREATE TABLE `asset_type` (
  `id` int(11) NOT NULL AUTO_INCREMENT,
  `name` varchar(45) DEFAULT NULL,
  `description` varchar(45) DEFAULT NULL,
  `workflowEnabled` tinyint(1) DEFAULT NULL,
  `billable` tinyint(1) DEFAULT NULL,
  PRIMARY KEY (`id`)
) ENGINE=InnoDB AUTO_INCREMENT=19 DEFAULT CHARSET=utf8;
/*!40101 SET character_set_client = @saved_cs_client */;

--
-- Dumping data for table `asset_type`
--

LOCK TABLES `asset_type` WRITE;
/*!40000 ALTER TABLE `asset_type` DISABLE KEYS */;
INSERT INTO `asset_type` VALUES (10,'IpAddress','ip address ',1,1),(11,'SecurityGroup','',1,0),(12,'IpPermission','',1,0),(13,'Volume','',1,1),(14,'VolumeSnapshot','',1,1),(15,'ComputeImage','',1,1),(16,'ComputeReservation','',1,1),(17,'ComputeInstance','',1,1),(18,'KeyPair','',1,1);
/*!40000 ALTER TABLE `asset_type` ENABLE KEYS */;
UNLOCK TABLES;

--
-- Table structure for table `attachment_info_p`
--

DROP TABLE IF EXISTS `attachment_info_p`;
/*!40101 SET @saved_cs_client     = @@character_set_client */;
/*!40101 SET character_set_client = utf8 */;
CREATE TABLE `attachment_info_p` (
  `id` int(11) NOT NULL AUTO_INCREMENT,
  `volumeId` varchar(45) DEFAULT NULL,
  `instanceId` varchar(45) DEFAULT NULL,
  `device` varchar(45) DEFAULT NULL,
  `status` varchar(45) DEFAULT NULL,
  `attachTime` datetime DEFAULT NULL,
  `volumeInfo` int(11) DEFAULT NULL,
  PRIMARY KEY (`id`),
  KEY `ix_Attachment_Info_Volume_Info1` (`volumeInfo`),
  CONSTRAINT `fk_Attachment_Info_Volume_Info1` FOREIGN KEY (`volumeInfo`) REFERENCES `volume_info_p` (`id`) ON DELETE NO ACTION ON UPDATE NO ACTION
) ENGINE=InnoDB DEFAULT CHARSET=utf8;
/*!40101 SET character_set_client = @saved_cs_client */;

--
-- Dumping data for table `attachment_info_p`
--

LOCK TABLES `attachment_info_p` WRITE;
/*!40000 ALTER TABLE `attachment_info_p` DISABLE KEYS */;
/*!40000 ALTER TABLE `attachment_info_p` ENABLE KEYS */;
UNLOCK TABLES;

--
-- Table structure for table `availability_zone_p`
--

DROP TABLE IF EXISTS `availability_zone_p`;
/*!40101 SET @saved_cs_client     = @@character_set_client */;
/*!40101 SET character_set_client = utf8 */;
CREATE TABLE `availability_zone_p` (
  `id` int(11) NOT NULL AUTO_INCREMENT,
  `name` varchar(45) DEFAULT NULL,
  `state` varchar(45) DEFAULT NULL,
  `regionName` varchar(45) DEFAULT NULL,
  `messages` varchar(255) DEFAULT NULL,
  PRIMARY KEY (`id`)
) ENGINE=InnoDB AUTO_INCREMENT=2 DEFAULT CHARSET=utf8;
/*!40101 SET character_set_client = @saved_cs_client */;

--
-- Dumping data for table `availability_zone_p`
--

LOCK TABLES `availability_zone_p` WRITE;
/*!40000 ALTER TABLE `availability_zone_p` DISABLE KEYS */;
INSERT INTO `availability_zone_p` VALUES (1,'didata-cluster','192.168.253.84',NULL,NULL);
/*!40000 ALTER TABLE `availability_zone_p` ENABLE KEYS */;
UNLOCK TABLES;

--
-- Table structure for table `block_device_mapping_p`
--

DROP TABLE IF EXISTS `block_device_mapping_p`;
/*!40101 SET @saved_cs_client     = @@character_set_client */;
/*!40101 SET character_set_client = utf8 */;
CREATE TABLE `block_device_mapping_p` (
  `id` int(11) NOT NULL AUTO_INCREMENT,
  `virtualName` varchar(45) DEFAULT NULL,
  `deviceName` varchar(45) DEFAULT NULL,
  `snapshotId` varchar(45) DEFAULT NULL,
  `volumeSize` int(11) DEFAULT NULL,
  `deleteOnTerminate` tinyint(1) DEFAULT NULL,
  `imageDescription` int(11) DEFAULT NULL,
  PRIMARY KEY (`id`),
  KEY `ix_Block_Device_Mapping_ImageDescription1` (`imageDescription`),
  CONSTRAINT `fk_Block_Device_Mapping_ImageDescription1` FOREIGN KEY (`imageDescription`) REFERENCES `image_description_p` (`id`) ON DELETE NO ACTION ON UPDATE NO ACTION
) ENGINE=InnoDB DEFAULT CHARSET=utf8;
/*!40101 SET character_set_client = @saved_cs_client */;

--
-- Dumping data for table `block_device_mapping_p`
--

LOCK TABLES `block_device_mapping_p` WRITE;
/*!40000 ALTER TABLE `block_device_mapping_p` DISABLE KEYS */;
/*!40000 ALTER TABLE `block_device_mapping_p` ENABLE KEYS */;
UNLOCK TABLES;

--
-- Table structure for table `company`
--

DROP TABLE IF EXISTS `company`;
/*!40101 SET @saved_cs_client     = @@character_set_client */;
/*!40101 SET character_set_client = utf8 */;
CREATE TABLE `company` (
  `id` int(11) NOT NULL AUTO_INCREMENT,
  `name` varchar(90) DEFAULT NULL,
  `address` varchar(90) DEFAULT NULL,
  `city` varchar(45) DEFAULT NULL,
  `country` varchar(45) DEFAULT NULL,
  `phone` varchar(45) DEFAULT NULL,
  `email` varchar(45) DEFAULT NULL,
  `currency` varchar(45) DEFAULT NULL,
  PRIMARY KEY (`id`)
) ENGINE=InnoDB AUTO_INCREMENT=25 DEFAULT CHARSET=utf8;
/*!40101 SET character_set_client = @saved_cs_client */;

--
-- Dumping data for table `company`
--

LOCK TABLES `company` WRITE;
/*!40000 ALTER TABLE `company` DISABLE KEYS */;
INSERT INTO `company` VALUES (11,'Digital Choc','Gothilla','Bangalore','India','44433322','admin@digi.com','INR'),(12,'Congnizanze','Manayatha','Delhi','India','88776655','contact@cogni.com','INR'),(18,'pass',NULL,NULL,NULL,NULL,NULL,'USD'),(19,'pass',NULL,NULL,NULL,NULL,NULL,'USD'),(20,'testsignup','','','','','','USD'),(21,'Digital',NULL,NULL,NULL,NULL,NULL,'INR'),(24,'A',NULL,NULL,NULL,NULL,NULL,'INR');
/*!40000 ALTER TABLE `company` ENABLE KEYS */;
UNLOCK TABLES;

--
-- Table structure for table `department`
--

DROP TABLE IF EXISTS `department`;
/*!40101 SET @saved_cs_client     = @@character_set_client */;
/*!40101 SET character_set_client = utf8 */;
CREATE TABLE `department` (
  `id` int(11) NOT NULL AUTO_INCREMENT,
  `company` int(11) DEFAULT NULL,
  `name` varchar(45) DEFAULT NULL,
  PRIMARY KEY (`id`),
  KEY `ix_Department_Company1` (`company`),
  CONSTRAINT `fk_Department_Company1` FOREIGN KEY (`company`) REFERENCES `company` (`id`) ON DELETE NO ACTION ON UPDATE NO ACTION
) ENGINE=InnoDB AUTO_INCREMENT=21 DEFAULT CHARSET=utf8;
/*!40101 SET character_set_client = @saved_cs_client */;

--
-- Dumping data for table `department`
--

LOCK TABLES `department` WRITE;
/*!40000 ALTER TABLE `department` DISABLE KEYS */;
INSERT INTO `department` VALUES (12,11,'Gaming'),(13,12,'BFSI'),(14,11,'Testing'),(15,12,'Retail'),(16,18,'Dept @ pass'),(17,19,'Dept @ pass'),(18,20,'Dept @ testsignup'),(19,21,'Dept @ Digital'),(20,24,'Dept @ A');
/*!40000 ALTER TABLE `department` ENABLE KEYS */;
UNLOCK TABLES;

--
-- Table structure for table `group_description_p`
--

DROP TABLE IF EXISTS `group_description_p`;
/*!40101 SET @saved_cs_client     = @@character_set_client */;
/*!40101 SET character_set_client = utf8 */;
CREATE TABLE `group_description_p` (
  `id` int(11) NOT NULL AUTO_INCREMENT,
  `name` varchar(45) DEFAULT NULL,
  `descripton` varchar(255) DEFAULT NULL,
  `owner` varchar(45) DEFAULT NULL,
  `asset` int(11) DEFAULT NULL,
  `status` varchar(45) DEFAULT NULL,
  PRIMARY KEY (`id`),
  UNIQUE KEY `name_UNIQUE` (`name`),
  KEY `ix_Group_Description_Asset1` (`asset`),
  CONSTRAINT `fk_Group_Description_Asset1` FOREIGN KEY (`asset`) REFERENCES `asset` (`id`) ON DELETE NO ACTION ON UPDATE NO ACTION
) ENGINE=InnoDB AUTO_INCREMENT=68 DEFAULT CHARSET=utf8;
/*!40101 SET character_set_client = @saved_cs_client */;

--
-- Dumping data for table `group_description_p`
--

LOCK TABLES `group_description_p` WRITE;
/*!40000 ALTER TABLE `group_description_p` DISABLE KEYS */;
INSERT INTO `group_description_p` VALUES (46,'web','web access only','admin',NULL,'active'),(48,'default_','default group','admin',NULL,'inactive'),(67,'A Grooup_A','A group','a',735,'active');
/*!40000 ALTER TABLE `group_description_p` ENABLE KEYS */;
UNLOCK TABLES;

--
-- Table structure for table `image_description_p`
--

DROP TABLE IF EXISTS `image_description_p`;
/*!40101 SET @saved_cs_client     = @@character_set_client */;
/*!40101 SET character_set_client = utf8 */;
CREATE TABLE `image_description_p` (
  `id` int(11) NOT NULL AUTO_INCREMENT,
  `imageId` varchar(45) DEFAULT NULL,
  `imageLocation` varchar(255) DEFAULT NULL,
  `imageOwnerId` varchar(45) DEFAULT NULL,
  `imageState` varchar(45) DEFAULT NULL,
  `isPublic` tinyint(1) DEFAULT NULL,
  `productCodes` varchar(255) DEFAULT NULL,
  `architecture` varchar(45) DEFAULT NULL,
  `imageType` varchar(45) DEFAULT NULL,
  `kernelId` varchar(45) DEFAULT NULL,
  `ramdiskId` varchar(45) DEFAULT NULL,
  `platform` varchar(45) DEFAULT NULL,
  `reason` varchar(45) DEFAULT NULL,
  `imageOwnerAlias` varchar(45) DEFAULT NULL,
  `name` varchar(45) DEFAULT NULL,
  `description` varchar(45) DEFAULT NULL,
  `rootDeviceType` varchar(45) DEFAULT NULL,
  `rootDeviceName` varchar(45) DEFAULT NULL,
  `virtualizationType` varchar(45) DEFAULT NULL,
  `hypervisor` varchar(45) DEFAULT NULL,
  `tagSet` varchar(255) DEFAULT NULL,
  `asset` int(11) DEFAULT NULL,
  `status` varchar(45) DEFAULT NULL,
  PRIMARY KEY (`id`),
  KEY `ix_ImageDescription_Asset1` (`asset`),
  CONSTRAINT `fk_ImageDescription_Asset1` FOREIGN KEY (`asset`) REFERENCES `asset` (`id`) ON DELETE NO ACTION ON UPDATE NO ACTION
) ENGINE=InnoDB AUTO_INCREMENT=89 DEFAULT CHARSET=utf8;
/*!40101 SET character_set_client = @saved_cs_client */;

--
-- Dumping data for table `image_description_p`
--

LOCK TABLES `image_description_p` WRITE;
/*!40000 ALTER TABLE `image_description_p` DISABLE KEYS */;
INSERT INTO `image_description_p` VALUES (73,'eki-A6651373','debian6-64bit/vmlinuz-2.6.27.21-0.1-xen.manifest.xml','admin','available',1,'','x86_64','kernel',NULL,NULL,'linux','',NULL,NULL,NULL,NULL,NULL,NULL,NULL,NULL,520,'active'),(74,'emi-836C178A','centos5-lamp-64bit.img/centos5-lamp-64bit.img.manifest.xml','admin','available',1,'','x86_64','machine','eki-AFEE1391','eri-900F130C','linux','',NULL,NULL,NULL,NULL,NULL,NULL,NULL,NULL,521,'active'),(75,'emi-560F12B8','windows-2008/windows.2008-iis.img.manifest.xml','admin','available',1,'','x86_64','machine',NULL,NULL,'windows','',NULL,NULL,NULL,NULL,NULL,NULL,NULL,NULL,522,'active'),(76,'emi-85941840','enstratus-dispatcher/enstratus-dispatcher.manifest.xml','admin','available',1,'','x86_64','machine','eki-0F291516','eri-EDC7148F','linux','',NULL,NULL,NULL,NULL,NULL,NULL,NULL,NULL,523,'active'),(77,'eri-900F130C','centos5-64bit/initrd-2.6.27.21-0.1-xen.manifest.xml','admin','available',1,'','x86_64','ramdisk',NULL,NULL,'linux','',NULL,NULL,NULL,NULL,NULL,NULL,NULL,NULL,524,'active'),(78,'eri-EDC7148F','ununtu-lts-64bit/initrd-2.6.27.21-0.1-xen.manifest.xml','admin','available',1,'','x86_64','ramdisk',NULL,NULL,'linux','',NULL,NULL,NULL,NULL,NULL,NULL,NULL,NULL,525,'active'),(79,'emi-5C811289','debian6-64bit/debian.6-0.x86-64.img.manifest.xml','admin','available',1,'','x86_64','machine','eki-A6651373','eri-869312EA','linux','',NULL,NULL,NULL,NULL,NULL,NULL,NULL,NULL,526,'active'),(80,'emi-F9E1151E','centos5-lamp-stack/centos.5-7.x86-64.img.manifest.xml','admin','available',1,'','x86_64','machine','eki-AFEE1391','eri-900F130C','linux','',NULL,NULL,NULL,NULL,NULL,NULL,NULL,NULL,527,'active'),(81,'eki-AFEE1391','centos5-64bit/vmlinuz-2.6.27.21-0.1-xen.manifest.xml','admin','available',1,'','x86_64','kernel',NULL,NULL,'linux','',NULL,NULL,NULL,NULL,NULL,NULL,NULL,NULL,528,'active'),(82,'emi-EAEA14AB','ununtu-lts-64bit/ubuntu.10-04.x86-64.img.manifest.xml','admin','available',1,'','x86_64','machine','eki-0F291516','eri-EDC7148F','linux','',NULL,NULL,NULL,NULL,NULL,NULL,NULL,NULL,529,'active'),(83,'eki-0F291516','ununtu-lts-64bit/vmlinuz-2.6.27.21-0.1-xen.manifest.xml','admin','available',1,'','x86_64','kernel',NULL,NULL,'linux','',NULL,NULL,NULL,NULL,NULL,NULL,NULL,NULL,530,'active'),(84,'emi-3DF412D6','portal/enstratus-console.img.manifest.xml','admin','available',1,'','x86_64','machine','eki-0F291516','eri-EDC7148F','linux','',NULL,NULL,NULL,NULL,NULL,NULL,NULL,NULL,531,'active'),(85,'eri-869312EA','debian6-64bit/initrd-2.6.27.21-0.1-xen.manifest.xml','admin','available',1,'','x86_64','ramdisk',NULL,NULL,'linux','',NULL,NULL,NULL,NULL,NULL,NULL,NULL,NULL,532,'active'),(86,'emi-D61014C7','centos5-64bit/centos.5-7.base.64bit.img.manifest.xml','admin','available',1,'','x86_64','machine','eki-AFEE1391','eri-900F130C','linux','',NULL,NULL,NULL,NULL,NULL,NULL,NULL,NULL,533,'active'),(87,'emi-054E1143','windows-2003/windows.2003.img.manifest.xml','admin','available',1,'','x86_64','machine',NULL,NULL,'windows','',NULL,NULL,NULL,NULL,NULL,NULL,NULL,NULL,534,'active'),(88,'emi-E9CF15E9','enstratus-console/enstratus-console.manifest.xml','admin','available',1,'','x86_64','machine','eki-0F291516','eri-EDC7148F','linux','',NULL,NULL,NULL,NULL,NULL,NULL,NULL,NULL,535,'active');
/*!40000 ALTER TABLE `image_description_p` ENABLE KEYS */;
UNLOCK TABLES;

--
-- Table structure for table `infra`
--

DROP TABLE IF EXISTS `infra`;
/*!40101 SET @saved_cs_client     = @@character_set_client */;
/*!40101 SET character_set_client = utf8 */;
CREATE TABLE `infra` (
  `id` int(11) NOT NULL AUTO_INCREMENT,
  `company` int(11) DEFAULT NULL,
  `accessId` varchar(90) DEFAULT NULL,
  `SecretKey` varchar(90) DEFAULT NULL,
  `isSecure` tinyint(1) DEFAULT NULL,
  `server` varchar(45) DEFAULT NULL,
  `port` int(11) DEFAULT NULL,
  `name` varchar(45) DEFAULT NULL,
  `details` varchar(90) DEFAULT NULL,
  `resourcePrefix` varchar(90) DEFAULT NULL,
  `signatureVersion` int(11) DEFAULT NULL,
  `importDate` datetime DEFAULT NULL,
  `syncDate` datetime DEFAULT NULL,
  `syncInProgress` tinyint(1) DEFAULT NULL,
  PRIMARY KEY (`id`),
  KEY `ix_Infra_Region1` (`company`),
  KEY `fk_infra_company1` (`company`),
  CONSTRAINT `fk_infra_company1` FOREIGN KEY (`company`) REFERENCES `company` (`id`) ON DELETE NO ACTION ON UPDATE NO ACTION
) ENGINE=InnoDB AUTO_INCREMENT=10 DEFAULT CHARSET=utf8;
/*!40101 SET character_set_client = @saved_cs_client */;

--
-- Dumping data for table `infra`
--

LOCK TABLES `infra` WRITE;
/*!40000 ALTER TABLE `infra` DISABLE KEYS */;
INSERT INTO `infra` VALUES (2,11,'zENpHbZyly29Ez0021LP0KITRPH79hPSqggZsa0YzhkJMMAEkZcQhhNHVPMUO8XN','tTgJ5Wj7ns3IRveCmS2q5u/7DnJlb/XINK0rjNrViRxEUVY1gYAVLj3NnBwKWwdy',0,'192.168.253.84',8773,'Eucalyptus 2.x','Eucalyptus + enstratus setup in Bangalore','/services/Eucalyptus',1,NULL,NULL,NULL),(7,20,'HZ2s8j5B5F3FBs9+hQfaWWJTdKzjdS28jpSGIo0iENL0x7kOnSdDfINOXc9Rs7DH','6I6AJqPOQPeTtMYa8pbcZXiRPT/3yeBJ/2E2KGnBAyNlryRdfrqOquyCkELBSnD3',0,'192.168.253.84',8773,'testsignup Euca Setup','','/services/Eucalyptus',1,NULL,NULL,NULL),(8,21,'change it','change it',NULL,'change it',8773,'Digital Euca Setup','','/services/Eucalyptus',1,NULL,NULL,NULL),(9,24,'+AwhiGIOoNsNkLXpjkDMy/zm3NdHtNxUAKxpdNyNhPWOQhYqXorsxnqBqjow6aIl','i4lbiQrOWlLiL6snF4+3Lr4C86ywHwdnQQJwxB7Mr7ujVBlcBtpysd6zDz4WWCl0',0,'192.168.253.84',8773,'A Euca Setup','','/services/Eucalyptus',1,NULL,NULL,NULL);
/*!40000 ALTER TABLE `infra` ENABLE KEYS */;
UNLOCK TABLES;

--
-- Table structure for table `instance_block_device_mapping_p`
--

DROP TABLE IF EXISTS `instance_block_device_mapping_p`;
/*!40101 SET @saved_cs_client     = @@character_set_client */;
/*!40101 SET character_set_client = utf8 */;
CREATE TABLE `instance_block_device_mapping_p` (
  `id` int(11) NOT NULL AUTO_INCREMENT,
  `instance` int(11) DEFAULT NULL,
  `deviceName` varchar(45) DEFAULT NULL,
  `volumeId` varchar(45) DEFAULT NULL,
  `status` varchar(45) DEFAULT NULL,
  `attachTime` datetime DEFAULT NULL,
  `deleteOnTerminate` tinyint(1) DEFAULT NULL,
  PRIMARY KEY (`id`),
  KEY `ix_InstanceBlockDeviceMapping_Instance1` (`instance`),
  CONSTRAINT `fk_InstanceBlockDeviceMapping_Instance1` FOREIGN KEY (`instance`) REFERENCES `instance_p` (`id`) ON DELETE NO ACTION ON UPDATE NO ACTION
) ENGINE=InnoDB DEFAULT CHARSET=utf8;
/*!40101 SET character_set_client = @saved_cs_client */;

--
-- Dumping data for table `instance_block_device_mapping_p`
--

LOCK TABLES `instance_block_device_mapping_p` WRITE;
/*!40000 ALTER TABLE `instance_block_device_mapping_p` DISABLE KEYS */;
/*!40000 ALTER TABLE `instance_block_device_mapping_p` ENABLE KEYS */;
UNLOCK TABLES;

--
-- Table structure for table `instance_p`
--

DROP TABLE IF EXISTS `instance_p`;
/*!40101 SET @saved_cs_client     = @@character_set_client */;
/*!40101 SET character_set_client = utf8 */;
CREATE TABLE `instance_p` (
  `id` int(11) NOT NULL AUTO_INCREMENT,
  `reservationDescription` int(11) DEFAULT NULL,
  `imageId` varchar(45) DEFAULT NULL,
  `instanceId` varchar(45) DEFAULT NULL,
  `privateDnsName` varchar(45) DEFAULT NULL,
  `dnsName` varchar(45) DEFAULT NULL,
  `reason` varchar(90) DEFAULT NULL,
  `keyName` varchar(45) DEFAULT NULL,
  `launchIndex` varchar(45) DEFAULT NULL,
  `productCodes` varchar(255) DEFAULT NULL,
  `launchTime` datetime DEFAULT NULL,
  `availabilityZone` varchar(45) DEFAULT NULL,
  `kernelId` varchar(45) DEFAULT NULL,
  `ramdiskId` varchar(45) DEFAULT NULL,
  `platform` varchar(45) DEFAULT NULL,
  `state` varchar(45) DEFAULT NULL,
  `stateCode` varchar(45) DEFAULT NULL,
  `monitoring` tinyint(1) DEFAULT NULL,
  `subnetId` varchar(45) DEFAULT NULL,
  `vpcId` varchar(45) DEFAULT NULL,
  `privateIpAddress` varchar(45) DEFAULT NULL,
  `ipAddress` varchar(45) DEFAULT NULL,
  `architecture` varchar(45) DEFAULT NULL,
  `rootDeviceType` varchar(45) DEFAULT NULL,
  `rootDeviceName` varchar(45) DEFAULT NULL,
  `instanceLifecycle` varchar(45) DEFAULT NULL,
  `spotInstanceRequestId` varchar(45) DEFAULT NULL,
  `virtualizationType` varchar(45) DEFAULT NULL,
  `clientToken` varchar(45) DEFAULT NULL,
  `tagSet` varchar(255) DEFAULT NULL,
  `hypervisor` varchar(45) DEFAULT NULL,
  `InstanceType` varchar(45) DEFAULT NULL,
  `name` varchar(90) DEFAULT NULL,
  `groupName` varchar(45) DEFAULT NULL,
  `asset` int(11) DEFAULT NULL,
  PRIMARY KEY (`id`),
  KEY `ix_instances_ReservationDescription1` (`reservationDescription`),
  KEY `fk_asset_instancep` (`asset`),
  CONSTRAINT `fk_asset_instancep` FOREIGN KEY (`asset`) REFERENCES `asset` (`id`) ON DELETE NO ACTION ON UPDATE NO ACTION
) ENGINE=InnoDB AUTO_INCREMENT=88 DEFAULT CHARSET=utf8;
/*!40101 SET character_set_client = @saved_cs_client */;

--
-- Dumping data for table `instance_p`
--

LOCK TABLES `instance_p` WRITE;
/*!40000 ALTER TABLE `instance_p` DISABLE KEYS */;
INSERT INTO `instance_p` VALUES (83,NULL,'eki-A6651373',NULL,NULL,NULL,'','A key',NULL,NULL,NULL,NULL,NULL,NULL,NULL,'PENDING_APPROVAL',NULL,NULL,NULL,NULL,NULL,NULL,NULL,NULL,NULL,NULL,NULL,NULL,NULL,NULL,NULL,'m1.small','ATest','A Grooup_A',738),(84,NULL,'eri-900F130C',NULL,NULL,NULL,'','A key',NULL,NULL,NULL,NULL,NULL,NULL,NULL,'PENDING_APPROVAL',NULL,NULL,NULL,NULL,NULL,NULL,NULL,NULL,NULL,NULL,NULL,NULL,NULL,NULL,NULL,'m1.small','testA','A Grooup_A',739),(85,NULL,'eri-900F130C',NULL,NULL,NULL,'','A key',NULL,NULL,NULL,NULL,NULL,NULL,NULL,'PENDING_APPROVAL',NULL,NULL,NULL,NULL,NULL,NULL,NULL,NULL,NULL,NULL,NULL,NULL,NULL,NULL,NULL,'m1.small','testAA','A Grooup_A',740),(86,NULL,'eri-900F130C',NULL,NULL,NULL,'','A key',NULL,NULL,NULL,NULL,NULL,NULL,NULL,'PENDING_APPROVAL',NULL,NULL,NULL,NULL,NULL,NULL,NULL,NULL,NULL,NULL,NULL,NULL,NULL,NULL,NULL,'m1.large','testy','A Grooup_A',741),(87,NULL,'eki-A6651373',NULL,NULL,NULL,'','A key',NULL,NULL,NULL,NULL,NULL,NULL,NULL,'FAILED',NULL,NULL,NULL,NULL,NULL,NULL,NULL,NULL,NULL,NULL,NULL,NULL,NULL,NULL,NULL,'m1.small','sdfasdf','A Grooup_A',742);
/*!40000 ALTER TABLE `instance_p` ENABLE KEYS */;
UNLOCK TABLES;

--
-- Table structure for table `ip_address_p`
--

DROP TABLE IF EXISTS `ip_address_p`;
/*!40101 SET @saved_cs_client     = @@character_set_client */;
/*!40101 SET character_set_client = utf8 */;
CREATE TABLE `ip_address_p` (
  `id` int(11) NOT NULL AUTO_INCREMENT,
  `publicIp` varchar(45) DEFAULT NULL,
  `instanceId` varchar(45) DEFAULT NULL,
  `privateIp` varchar(45) DEFAULT NULL,
  `subnet` varchar(45) DEFAULT NULL,
  `gateway` varchar(45) DEFAULT NULL,
  `dn1` varchar(45) DEFAULT NULL,
  `dns2` varchar(45) DEFAULT NULL,
  `asset` int(11) DEFAULT NULL,
  PRIMARY KEY (`id`),
  KEY `ix_Ip_Address_Asset1` (`asset`),
  CONSTRAINT `fk_Ip_Address_Asset1` FOREIGN KEY (`asset`) REFERENCES `asset` (`id`) ON DELETE NO ACTION ON UPDATE NO ACTION
) ENGINE=InnoDB DEFAULT CHARSET=utf8;
/*!40101 SET character_set_client = @saved_cs_client */;

--
-- Dumping data for table `ip_address_p`
--

LOCK TABLES `ip_address_p` WRITE;
/*!40000 ALTER TABLE `ip_address_p` DISABLE KEYS */;
/*!40000 ALTER TABLE `ip_address_p` ENABLE KEYS */;
UNLOCK TABLES;

--
-- Table structure for table `ip_permission_p`
--

DROP TABLE IF EXISTS `ip_permission_p`;
/*!40101 SET @saved_cs_client     = @@character_set_client */;
/*!40101 SET character_set_client = utf8 */;
CREATE TABLE `ip_permission_p` (
  `id` int(11) NOT NULL AUTO_INCREMENT,
  `protocol` varchar(45) DEFAULT NULL,
  `fromPort` int(11) DEFAULT NULL,
  `toPort` int(11) DEFAULT NULL,
  `cidrIps` varchar(45) DEFAULT NULL,
  `uid_group_pairs` varchar(45) DEFAULT NULL,
  `groupDescription` int(11) DEFAULT NULL,
  PRIMARY KEY (`id`),
  KEY `ix_Ip_Permission_Group_Description1` (`groupDescription`),
  CONSTRAINT `fk_Ip_Permission_Group_Description1` FOREIGN KEY (`groupDescription`) REFERENCES `group_description_p` (`id`) ON DELETE NO ACTION ON UPDATE NO ACTION
) ENGINE=InnoDB AUTO_INCREMENT=151 DEFAULT CHARSET=utf8;
/*!40101 SET character_set_client = @saved_cs_client */;

--
-- Dumping data for table `ip_permission_p`
--

LOCK TABLES `ip_permission_p` WRITE;
/*!40000 ALTER TABLE `ip_permission_p` DISABLE KEYS */;
INSERT INTO `ip_permission_p` VALUES (115,'tcp',22,22,'0.0.0.0/0',NULL,48),(117,'tcp',443,443,'0.0.0.0/0',NULL,48),(119,'tcp',80,80,'0.0.0.0/0',NULL,48),(120,'tcp',3306,3306,'0.0.0.0/0',NULL,48),(121,'tcp',3389,3389,'0.0.0.0/0',NULL,48),(132,'tcp',22,22,'0.0.0.0/24',NULL,46),(133,'rdp',11,11,'0.0.0.0/24',NULL,46),(146,'tcp',80,80,'0.0.0.0/32',NULL,67),(149,'tcp',22,22,'0.0.0.0/32',NULL,67),(150,'tcp',3306,3306,'0.0.0.0/32',NULL,67);
/*!40000 ALTER TABLE `ip_permission_p` ENABLE KEYS */;
UNLOCK TABLES;

--
-- Table structure for table `jbpm4_deployment`
--

DROP TABLE IF EXISTS `jbpm4_deployment`;
/*!40101 SET @saved_cs_client     = @@character_set_client */;
/*!40101 SET character_set_client = utf8 */;
CREATE TABLE `jbpm4_deployment` (
  `DBID_` bigint(20) NOT NULL,
  `NAME_` longtext,
  `TIMESTAMP_` bigint(20) DEFAULT NULL,
  `STATE_` varchar(255) DEFAULT NULL,
  PRIMARY KEY (`DBID_`)
) ENGINE=InnoDB DEFAULT CHARSET=utf8;
/*!40101 SET character_set_client = @saved_cs_client */;

--
-- Dumping data for table `jbpm4_deployment`
--

LOCK TABLES `jbpm4_deployment` WRITE;
/*!40000 ALTER TABLE `jbpm4_deployment` DISABLE KEYS */;
INSERT INTO `jbpm4_deployment` VALUES (80006,NULL,0,'active'),(80012,NULL,0,'active'),(80018,NULL,0,'active'),(80024,NULL,0,'active'),(80030,NULL,0,'active'),(80036,NULL,0,'active'),(80042,NULL,0,'active');
/*!40000 ALTER TABLE `jbpm4_deployment` ENABLE KEYS */;
UNLOCK TABLES;

--
-- Table structure for table `jbpm4_deployprop`
--

DROP TABLE IF EXISTS `jbpm4_deployprop`;
/*!40101 SET @saved_cs_client     = @@character_set_client */;
/*!40101 SET character_set_client = utf8 */;
CREATE TABLE `jbpm4_deployprop` (
  `DBID_` bigint(20) NOT NULL,
  `DEPLOYMENT_` bigint(20) DEFAULT NULL,
  `OBJNAME_` varchar(255) DEFAULT NULL,
  `KEY_` varchar(255) DEFAULT NULL,
  `STRINGVAL_` varchar(255) DEFAULT NULL,
  `LONGVAL_` bigint(20) DEFAULT NULL,
  PRIMARY KEY (`DBID_`),
  KEY `IDX_DEPLPROP_DEPL` (`DEPLOYMENT_`),
  KEY `FK_DEPLPROP_DEPL` (`DEPLOYMENT_`),
  CONSTRAINT `FK_DEPLPROP_DEPL` FOREIGN KEY (`DEPLOYMENT_`) REFERENCES `jbpm4_deployment` (`DBID_`)
) ENGINE=InnoDB DEFAULT CHARSET=utf8;
/*!40101 SET character_set_client = @saved_cs_client */;

--
-- Dumping data for table `jbpm4_deployprop`
--

LOCK TABLES `jbpm4_deployprop` WRITE;
/*!40000 ALTER TABLE `jbpm4_deployprop` DISABLE KEYS */;
INSERT INTO `jbpm4_deployprop` VALUES (80008,80006,'Compute Request','langid','jpdl-4.4',NULL),(80009,80006,'Compute Request','pdid','Compute_Request-1',NULL),(80010,80006,'Compute Request','pdkey','Compute_Request',NULL),(80011,80006,'Compute Request','pdversion',NULL,1),(80014,80012,'Image Request','langid','jpdl-4.4',NULL),(80015,80012,'Image Request','pdid','Image_Request-1',NULL),(80016,80012,'Image Request','pdkey','Image_Request',NULL),(80017,80012,'Image Request','pdversion',NULL,1),(80020,80018,'IpAddress Request','langid','jpdl-4.4',NULL),(80021,80018,'IpAddress Request','pdid','IpAddress_Request-1',NULL),(80022,80018,'IpAddress Request','pdkey','IpAddress_Request',NULL),(80023,80018,'IpAddress Request','pdversion',NULL,1),(80026,80024,'Keys Request','langid','jpdl-4.4',NULL),(80027,80024,'Keys Request','pdid','Keys_Request-1',NULL),(80028,80024,'Keys Request','pdkey','Keys_Request',NULL),(80029,80024,'Keys Request','pdversion',NULL,1),(80032,80030,'SecGroup Request','langid','jpdl-4.4',NULL),(80033,80030,'SecGroup Request','pdid','SecGroup_Request-1',NULL),(80034,80030,'SecGroup Request','pdkey','SecGroup_Request',NULL),(80035,80030,'SecGroup Request','pdversion',NULL,1),(80038,80036,'Snapshot Request','langid','jpdl-4.4',NULL),(80039,80036,'Snapshot Request','pdid','Snapshot_Request-1',NULL),(80040,80036,'Snapshot Request','pdkey','Snapshot_Request',NULL),(80041,80036,'Snapshot Request','pdversion',NULL,1),(80044,80042,'Volume Request','langid','jpdl-4.4',NULL),(80045,80042,'Volume Request','pdid','Volume_Request-1',NULL),(80046,80042,'Volume Request','pdkey','Volume_Request',NULL),(80047,80042,'Volume Request','pdversion',NULL,1);
/*!40000 ALTER TABLE `jbpm4_deployprop` ENABLE KEYS */;
UNLOCK TABLES;

--
-- Table structure for table `jbpm4_execution`
--

DROP TABLE IF EXISTS `jbpm4_execution`;
/*!40101 SET @saved_cs_client     = @@character_set_client */;
/*!40101 SET character_set_client = utf8 */;
CREATE TABLE `jbpm4_execution` (
  `DBID_` bigint(20) NOT NULL,
  `CLASS_` varchar(255) NOT NULL,
  `DBVERSION_` int(11) NOT NULL,
  `ACTIVITYNAME_` varchar(255) DEFAULT NULL,
  `PROCDEFID_` varchar(255) DEFAULT NULL,
  `HASVARS_` bit(1) DEFAULT NULL,
  `NAME_` varchar(255) DEFAULT NULL,
  `KEY_` varchar(255) DEFAULT NULL,
  `ID_` varchar(255) DEFAULT NULL,
  `STATE_` varchar(255) DEFAULT NULL,
  `SUSPHISTSTATE_` varchar(255) DEFAULT NULL,
  `PRIORITY_` int(11) DEFAULT NULL,
  `HISACTINST_` bigint(20) DEFAULT NULL,
  `PARENT_` bigint(20) DEFAULT NULL,
  `INSTANCE_` bigint(20) DEFAULT NULL,
  `SUPEREXEC_` bigint(20) DEFAULT NULL,
  `SUBPROCINST_` bigint(20) DEFAULT NULL,
  `PARENT_IDX_` int(11) DEFAULT NULL,
  PRIMARY KEY (`DBID_`),
  UNIQUE KEY `ID_` (`ID_`),
  KEY `IDX_EXEC_SUPEREXEC` (`SUPEREXEC_`),
  KEY `IDX_EXEC_INSTANCE` (`INSTANCE_`),
  KEY `IDX_EXEC_SUBPI` (`SUBPROCINST_`),
  KEY `IDX_EXEC_PARENT` (`PARENT_`),
  KEY `FK_EXEC_PARENT` (`PARENT_`),
  KEY `FK_EXEC_SUBPI` (`SUBPROCINST_`),
  KEY `FK_EXEC_INSTANCE` (`INSTANCE_`),
  KEY `FK_EXEC_SUPEREXEC` (`SUPEREXEC_`),
  CONSTRAINT `FK_EXEC_INSTANCE` FOREIGN KEY (`INSTANCE_`) REFERENCES `jbpm4_execution` (`DBID_`),
  CONSTRAINT `FK_EXEC_PARENT` FOREIGN KEY (`PARENT_`) REFERENCES `jbpm4_execution` (`DBID_`),
  CONSTRAINT `FK_EXEC_SUBPI` FOREIGN KEY (`SUBPROCINST_`) REFERENCES `jbpm4_execution` (`DBID_`),
  CONSTRAINT `FK_EXEC_SUPEREXEC` FOREIGN KEY (`SUPEREXEC_`) REFERENCES `jbpm4_execution` (`DBID_`)
) ENGINE=InnoDB DEFAULT CHARSET=utf8;
/*!40101 SET character_set_client = @saved_cs_client */;

--
-- Dumping data for table `jbpm4_execution`
--

LOCK TABLES `jbpm4_execution` WRITE;
/*!40000 ALTER TABLE `jbpm4_execution` DISABLE KEYS */;
INSERT INTO `jbpm4_execution` VALUES (90001,'pvm',1,'Verification by Admin','Compute_Request-1','\0',NULL,NULL,'Compute_Request.90001','active-root',NULL,0,90002,NULL,90001,NULL,NULL,NULL);
/*!40000 ALTER TABLE `jbpm4_execution` ENABLE KEYS */;
UNLOCK TABLES;

--
-- Table structure for table `jbpm4_hist_actinst`
--

DROP TABLE IF EXISTS `jbpm4_hist_actinst`;
/*!40101 SET @saved_cs_client     = @@character_set_client */;
/*!40101 SET character_set_client = utf8 */;
CREATE TABLE `jbpm4_hist_actinst` (
  `DBID_` bigint(20) NOT NULL,
  `CLASS_` varchar(255) NOT NULL,
  `DBVERSION_` int(11) NOT NULL,
  `HPROCI_` bigint(20) DEFAULT NULL,
  `TYPE_` varchar(255) DEFAULT NULL,
  `EXECUTION_` varchar(255) DEFAULT NULL,
  `ACTIVITY_NAME_` varchar(255) DEFAULT NULL,
  `START_` datetime DEFAULT NULL,
  `END_` datetime DEFAULT NULL,
  `DURATION_` bigint(20) DEFAULT NULL,
  `TRANSITION_` varchar(255) DEFAULT NULL,
  `NEXTIDX_` int(11) DEFAULT NULL,
  `HTASK_` bigint(20) DEFAULT NULL,
  PRIMARY KEY (`DBID_`),
  KEY `IDX_HACTI_HPROCI` (`HPROCI_`),
  KEY `IDX_HTI_HTASK` (`HTASK_`),
  KEY `FK_HACTI_HPROCI` (`HPROCI_`),
  KEY `FK_HTI_HTASK` (`HTASK_`),
  CONSTRAINT `FK_HACTI_HPROCI` FOREIGN KEY (`HPROCI_`) REFERENCES `jbpm4_hist_procinst` (`DBID_`),
  CONSTRAINT `FK_HTI_HTASK` FOREIGN KEY (`HTASK_`) REFERENCES `jbpm4_hist_task` (`DBID_`)
) ENGINE=InnoDB DEFAULT CHARSET=utf8;
/*!40101 SET character_set_client = @saved_cs_client */;

--
-- Dumping data for table `jbpm4_hist_actinst`
--

LOCK TABLES `jbpm4_hist_actinst` WRITE;
/*!40000 ALTER TABLE `jbpm4_hist_actinst` DISABLE KEYS */;
INSERT INTO `jbpm4_hist_actinst` VALUES (80049,'act',1,80048,'state','Image_Request.80048','Verification by Admin','2012-02-10 17:20:47','2012-02-10 17:21:45',58931,'Approve',1,NULL),(80051,'act',1,80050,'state','Image_Request.80050','Verification by Admin','2012-02-10 17:20:49','2012-02-10 17:23:09',140590,'Reject',1,NULL),(80052,'act',1,80048,'state','Image_Request.80048','Approval by Manager','2012-02-10 17:21:45','2012-02-10 17:21:50',5196,'Approve',1,NULL),(90002,'act',0,90001,'state','Compute_Request.90001','Verification by Admin','2012-02-12 14:55:35',NULL,0,NULL,1,NULL),(100002,'act',1,100001,'state','Compute_Request.100001','Verification by Admin','2012-02-12 14:58:32','2012-02-12 16:05:38',4026703,'Approve',1,NULL),(110001,'act',1,100001,'state','Compute_Request.100001','Approval by Manager','2012-02-12 16:05:38','2012-02-12 16:05:54',16125,'Approve',1,NULL),(110003,'act',1,110002,'state','Compute_Request.110002','Verification by Admin','2012-02-12 16:08:32','2012-02-12 16:13:06',274312,'Reject',1,NULL),(110005,'act',1,110004,'state','Compute_Request.110004','Verification by Admin','2012-02-12 16:13:25','2012-02-12 16:13:40',15031,'Approve',1,NULL),(110007,'act',1,110006,'state','Compute_Request.110006','Verification by Admin','2012-02-12 16:13:28','2012-02-21 14:11:54',770306747,'Approve',1,NULL),(110008,'act',1,110004,'state','Compute_Request.110004','Approval by Manager','2012-02-12 16:13:40','2012-02-12 16:13:46',6468,'Reject',1,NULL),(120002,'act',1,120001,'state','Compute_Request.120001','Verification by Admin','2012-02-12 18:13:39','2012-02-21 14:11:58',763099133,'Approve',1,NULL),(130002,'act',1,130001,'state','Volume_Request.130001','Verification by Admin','2012-02-12 18:27:00','2012-02-21 14:11:59',762299866,'Approve',1,NULL),(130004,'act',1,130003,'state','IpAddress_Request.130003','Verification by Admin','2012-02-12 18:28:05','2012-02-21 14:12:00',762235802,'Approve',1,NULL),(130006,'act',1,130005,'state','IpAddress_Request.130005','Verification by Admin','2012-02-12 18:34:55','2012-02-21 14:12:02',761827690,'Approve',1,NULL),(130008,'act',1,130007,'state','IpAddress_Request.130007','Verification by Admin','2012-02-12 18:35:21','2012-02-26 17:16:47',1204886250,'Reject',1,NULL),(140002,'act',1,140001,'state','Image_Request.140001','Verification by Admin','2012-02-12 18:47:58','2012-02-26 17:16:49',1204131437,'Reject',1,NULL),(150002,'act',1,150001,'state','Compute_Request.150001','Verification by Admin','2012-02-15 12:05:48','2012-02-15 12:07:02',74979,'Approve',1,NULL),(150003,'act',1,150001,'state','Compute_Request.150001','Approval by Manager','2012-02-15 12:07:02','2012-02-15 12:07:05',3812,'Approve',1,NULL),(160002,'act',1,160001,'state','Compute_Request.160001','Verification by Admin','2012-02-16 14:10:43','2012-02-26 17:16:57',875174984,'Reject',1,NULL),(170002,'act',1,170001,'state','Compute_Request.170001','Verification by Admin','2012-02-16 15:27:09','2012-02-26 17:17:01',870592937,'Reject',1,NULL),(180002,'act',1,180001,'state','Volume_Request.180001','Verification by Admin','2012-02-16 16:02:25','2012-03-04 21:33:11',1488646515,'Reject',1,NULL),(180004,'act',1,180003,'state','IpAddress_Request.180003','Verification by Admin','2012-02-16 16:03:20','2012-03-07 16:59:52',1731392120,'Reject',1,NULL),(190002,'act',1,190001,'state','Compute_Request.190001','Verification by Admin','2012-02-16 20:01:03','2012-03-07 16:59:53',1717130538,'Reject',1,NULL),(190004,'act',1,190003,'state','Compute_Request.190003','Verification by Admin','2012-02-16 20:02:04','2012-03-07 16:59:54',1717070863,'Reject',1,NULL),(190006,'act',1,190005,'state','Compute_Request.190005','Verification by Admin','2012-02-16 21:02:59','2012-03-07 16:59:47',1713408212,'Reject',1,NULL),(190008,'act',1,190007,'state','SecGroup_Request.190007','Verification by Admin','2012-02-16 21:14:30','2012-02-21 14:00:09',405939534,'Approve',1,NULL),(200002,'act',1,200001,'state','Compute_Request.200001','Verification by Admin','2012-02-17 16:08:35','2012-02-17 16:08:59',24761,'Approve',1,NULL),(200003,'act',1,200001,'state','Compute_Request.200001','Approval by Manager','2012-02-17 16:08:59','2012-02-17 16:09:13',14738,'Approve',1,NULL),(210001,'act',1,190007,'state','SecGroup_Request.190007','Approval by Manager','2012-02-21 14:00:09','2012-03-07 16:59:46',1306777402,'Reject',1,NULL),(210002,'act',1,110006,'state','Compute_Request.110006','Approval by Manager','2012-02-21 14:11:54','2012-02-26 17:17:51',443157125,'Reject',1,NULL),(210003,'act',1,120001,'state','Compute_Request.120001','Approval by Manager','2012-02-21 14:11:58','2012-02-26 17:17:52',443154453,'Reject',1,NULL),(210004,'act',1,130001,'state','Volume_Request.130001','Approval by Manager','2012-02-21 14:11:59','2012-03-07 16:59:55',1306076891,'Reject',1,NULL),(210005,'act',1,130003,'state','IpAddress_Request.130003','Approval by Manager','2012-02-21 14:12:00','2012-02-26 17:15:57',443037203,'Reject',1,NULL),(210006,'act',1,130005,'state','IpAddress_Request.130005','Approval by Manager','2012-02-21 14:12:02','2012-02-26 17:16:15',443053359,'Reject',1,NULL),(220002,'act',1,220001,'state','Compute_Request.220001','Verification by Admin','2012-02-22 16:25:50','2012-02-22 16:26:37',47136,'Approve',1,NULL),(220003,'act',1,220001,'state','Compute_Request.220001','Approval by Manager','2012-02-22 16:26:37','2012-02-22 16:26:40',3792,'Approve',1,NULL),(230002,'act',1,230001,'state','SecGroup_Request.230001','Verification by Admin','2012-02-24 14:02:16','2012-02-24 15:18:01',4545994,'Approve',1,NULL),(230003,'act',1,230001,'state','SecGroup_Request.230001','Approval by Manager','2012-02-24 15:18:02','2012-02-24 15:18:04',2588,'Approve',1,NULL),(230005,'act',1,230004,'state','Compute_Request.230004','Verification by Admin','2012-02-24 16:02:42','2012-03-07 16:59:45',1040223420,'Reject',1,NULL),(240002,'act',1,240001,'state','Compute_Request.240001','Verification by Admin','2012-02-25 21:30:42','2012-02-25 21:31:10',28968,'Approve',1,NULL),(240003,'act',1,240001,'state','Compute_Request.240001','Approval by Manager','2012-02-25 21:31:10','2012-02-25 21:31:12',2937,'Approve',1,NULL),(250002,'act',1,250001,'state','SecGroup_Request.250001','Verification by Admin','2012-03-06 10:51:22','2012-03-06 12:28:09',5807462,'Reject',1,NULL),(250004,'act',1,250003,'state','SecGroup_Request.250003','Verification by Admin','2012-03-06 10:52:18','2012-03-06 12:28:11',5753367,'Reject',1,NULL),(260002,'act',1,260001,'state','SecGroup_Request.260001','Verification by Admin','2012-03-06 10:54:16','2012-03-06 12:28:05',5629277,'Reject',1,NULL),(270002,'act',1,270001,'state','Compute_Request.270001','Verification by Admin','2012-03-06 11:20:25','2012-03-06 12:28:04',4059777,'Reject',1,NULL),(280002,'act',1,280001,'state','SecGroup_Request.280001','Verification by Admin','2012-03-06 11:39:59','2012-03-06 12:28:04',2885074,'Reject',1,NULL),(280004,'act',1,280003,'state','SecGroup_Request.280003','Verification by Admin','2012-03-06 11:45:01','2012-03-06 12:28:03',2582481,'Reject',1,NULL),(280006,'act',1,280005,'state','SecGroup_Request.280005','Verification by Admin','2012-03-06 11:48:09','2012-03-06 12:28:02',2393731,'Reject',1,NULL),(280008,'act',1,280007,'state','SecGroup_Request.280007','Verification by Admin','2012-03-06 11:54:16','2012-03-06 12:28:01',2025997,'Reject',1,NULL),(280010,'act',1,280009,'state','SecGroup_Request.280009','Verification by Admin','2012-03-06 12:20:11','2012-03-06 12:28:00',469295,'Reject',1,NULL),(280012,'act',1,280011,'state','SecGroup_Request.280011','Verification by Admin','2012-03-06 12:21:27','2012-03-06 12:27:57',390312,'Reject',1,NULL),(280014,'act',1,280013,'state','SecGroup_Request.280013','Verification by Admin','2012-03-06 12:28:57','2012-03-07 16:59:44',102647283,'Reject',1,NULL),(290002,'act',1,290001,'state','Compute_Request.290001','Verification by Admin','2012-03-06 13:52:43','2012-03-06 14:16:10',1407184,'Approve',1,NULL),(300001,'act',1,290001,'state','Compute_Request.290001','Approval by Manager','2012-03-06 14:16:10','2012-03-06 14:16:16',6541,'Approve',1,NULL),(300003,'act',1,300002,'state','Volume_Request.300002','Verification by Admin','2012-03-06 14:19:53','2012-03-06 14:20:06',13793,'Approve',1,NULL),(300004,'act',1,300002,'state','Volume_Request.300002','Approval by Manager','2012-03-06 14:20:06','2012-03-06 14:20:10',4620,'Approve',1,NULL),(300006,'act',1,300005,'state','Volume_Request.300005','Verification by Admin','2012-03-06 14:23:25','2012-03-06 14:23:43',18707,'Approve',1,NULL),(300007,'act',1,300005,'state','Volume_Request.300005','Approval by Manager','2012-03-06 14:23:43','2012-03-06 14:23:44',1582,'Approve',1,NULL),(300009,'act',1,300008,'state','Volume_Request.300008','Verification by Admin','2012-03-06 14:25:07','2012-03-06 14:25:12',5906,'Approve',1,NULL),(300010,'act',1,300008,'state','Volume_Request.300008','Approval by Manager','2012-03-06 14:25:12','2012-03-06 14:25:13',1937,'Approve',1,NULL),(300012,'act',1,300011,'state','Volume_Request.300011','Verification by Admin','2012-03-06 14:29:32','2012-03-06 14:30:11',39490,'Approve',1,NULL),(300013,'act',1,300011,'state','Volume_Request.300011','Approval by Manager','2012-03-06 14:30:11','2012-03-06 14:30:12',1537,'Approve',1,NULL),(300015,'act',1,300014,'state','Volume_Request.300014','Verification by Admin','2012-03-06 14:37:18','2012-03-06 14:37:38',20829,'Approve',1,NULL),(300016,'act',1,300014,'state','Volume_Request.300014','Approval by Manager','2012-03-06 14:37:38','2012-03-06 14:37:39',1641,'Approve',1,NULL),(300018,'act',1,300017,'state','IpAddress_Request.300017','Verification by Admin','2012-03-06 15:19:10','2012-03-06 15:19:34',24814,'Approve',1,NULL),(300019,'act',1,300017,'state','IpAddress_Request.300017','Approval by Manager','2012-03-06 15:19:34','2012-03-06 15:19:35',1673,'Approve',1,NULL),(300021,'act',1,300020,'state','IpAddress_Request.300020','Verification by Admin','2012-03-06 15:29:02','2012-03-06 15:29:36',34357,'Approve',1,NULL),(300022,'act',1,300020,'state','IpAddress_Request.300020','Approval by Manager','2012-03-06 15:29:36','2012-03-06 15:30:03',27471,'Approve',1,NULL),(300024,'act',1,300023,'state','IpAddress_Request.300023','Verification by Admin','2012-03-06 15:30:56','2012-03-06 15:31:03',7166,'Approve',1,NULL),(300025,'act',1,300023,'state','IpAddress_Request.300023','Approval by Manager','2012-03-06 15:31:03','2012-03-06 15:31:04',1821,'Approve',1,NULL),(300027,'act',1,300026,'state','IpAddress_Request.300026','Verification by Admin','2012-03-06 15:33:45','2012-03-06 15:33:50',5490,'Approve',1,NULL),(300028,'act',1,300026,'state','IpAddress_Request.300026','Approval by Manager','2012-03-06 15:33:50','2012-03-06 15:33:51',1412,'Approve',1,NULL),(300030,'act',1,300029,'state','IpAddress_Request.300029','Verification by Admin','2012-03-06 15:35:03','2012-03-06 15:35:07',4897,'Approve',1,NULL),(300031,'act',1,300029,'state','IpAddress_Request.300029','Approval by Manager','2012-03-06 15:35:07','2012-03-06 15:35:08',1553,'Approve',1,NULL),(310002,'act',1,310001,'state','IpAddress_Request.310001','Verification by Admin','2012-03-06 15:38:26','2012-03-06 15:52:28',842202,'Reject',1,NULL),(310004,'act',1,310003,'state','IpAddress_Request.310003','Verification by Admin','2012-03-06 15:46:28','2012-03-06 15:52:29',361389,'Reject',1,NULL),(310006,'act',1,310005,'state','IpAddress_Request.310005','Verification by Admin','2012-03-06 15:47:49','2012-03-06 15:52:25',276016,'Reject',1,NULL),(310008,'act',1,310007,'state','IpAddress_Request.310007','Verification by Admin','2012-03-06 15:48:30','2012-03-06 15:52:23',233751,'Reject',1,NULL),(310010,'act',1,310009,'state','IpAddress_Request.310009','Verification by Admin','2012-03-06 15:52:06','2012-03-06 15:52:20',14940,'Approve',1,NULL),(310011,'act',1,310009,'state','IpAddress_Request.310009','Approval by Manager','2012-03-06 15:52:20','2012-03-06 15:52:22',2236,'Approve',1,NULL),(320002,'act',1,320001,'state','Compute_Request.320001','Verification by Admin','2012-03-07 18:30:28','2012-03-07 18:30:35',7311,'Approve',1,NULL),(320003,'act',1,320001,'state','Compute_Request.320001','Approval by Manager','2012-03-07 18:30:35','2012-03-07 18:30:37',2385,'Approve',1,NULL),(320005,'act',1,320004,'state','Compute_Request.320004','Verification by Admin','2012-03-07 18:34:39','2012-03-07 18:34:45',6467,'Approve',1,NULL),(320006,'act',1,320004,'state','Compute_Request.320004','Approval by Manager','2012-03-07 18:34:45','2012-03-07 18:34:46',1711,'Approve',1,NULL),(330002,'act',1,330001,'state','Compute_Request.330001','Verification by Admin','2012-03-07 18:39:54','2012-03-07 18:39:59',5136,'Approve',1,NULL),(330003,'act',1,330001,'state','Compute_Request.330001','Approval by Manager','2012-03-07 18:39:59','2012-03-07 18:39:59',895,'Approve',1,NULL),(330005,'act',1,330004,'state','Compute_Request.330004','Verification by Admin','2012-03-07 18:42:29','2012-03-07 18:42:33',4775,'Approve',1,NULL),(330006,'act',1,330004,'state','Compute_Request.330004','Approval by Manager','2012-03-07 18:42:33','2012-03-07 18:42:34',1659,'Approve',1,NULL),(330008,'act',1,330007,'state','Compute_Request.330007','Verification by Admin','2012-03-07 18:52:03','2012-03-07 18:52:08',5815,'Approve',1,NULL),(330009,'act',1,330007,'state','Compute_Request.330007','Approval by Manager','2012-03-07 18:52:08','2012-03-07 18:52:09',1591,'Approve',1,NULL);
/*!40000 ALTER TABLE `jbpm4_hist_actinst` ENABLE KEYS */;
UNLOCK TABLES;

--
-- Table structure for table `jbpm4_hist_detail`
--

DROP TABLE IF EXISTS `jbpm4_hist_detail`;
/*!40101 SET @saved_cs_client     = @@character_set_client */;
/*!40101 SET character_set_client = utf8 */;
CREATE TABLE `jbpm4_hist_detail` (
  `DBID_` bigint(20) NOT NULL,
  `CLASS_` varchar(255) NOT NULL,
  `DBVERSION_` int(11) NOT NULL,
  `USERID_` varchar(255) DEFAULT NULL,
  `TIME_` datetime DEFAULT NULL,
  `HPROCI_` bigint(20) DEFAULT NULL,
  `HPROCIIDX_` int(11) DEFAULT NULL,
  `HACTI_` bigint(20) DEFAULT NULL,
  `HACTIIDX_` int(11) DEFAULT NULL,
  `HTASK_` bigint(20) DEFAULT NULL,
  `HTASKIDX_` int(11) DEFAULT NULL,
  `HVAR_` bigint(20) DEFAULT NULL,
  `HVARIDX_` int(11) DEFAULT NULL,
  `MESSAGE_` longtext,
  `OLD_STR_` varchar(255) DEFAULT NULL,
  `NEW_STR_` varchar(255) DEFAULT NULL,
  `OLD_INT_` int(11) DEFAULT NULL,
  `NEW_INT_` int(11) DEFAULT NULL,
  `OLD_TIME_` datetime DEFAULT NULL,
  `NEW_TIME_` datetime DEFAULT NULL,
  `PARENT_` bigint(20) DEFAULT NULL,
  `PARENT_IDX_` int(11) DEFAULT NULL,
  PRIMARY KEY (`DBID_`),
  KEY `IDX_HDET_HACTI` (`HACTI_`),
  KEY `IDX_HDET_HPROCI` (`HPROCI_`),
  KEY `IDX_HDET_HVAR` (`HVAR_`),
  KEY `IDX_HDET_HTASK` (`HTASK_`),
  KEY `FK_HDETAIL_HPROCI` (`HPROCI_`),
  KEY `FK_HDETAIL_HACTI` (`HACTI_`),
  KEY `FK_HDETAIL_HTASK` (`HTASK_`),
  KEY `FK_HDETAIL_HVAR` (`HVAR_`),
  CONSTRAINT `FK_HDETAIL_HACTI` FOREIGN KEY (`HACTI_`) REFERENCES `jbpm4_hist_actinst` (`DBID_`),
  CONSTRAINT `FK_HDETAIL_HPROCI` FOREIGN KEY (`HPROCI_`) REFERENCES `jbpm4_hist_procinst` (`DBID_`),
  CONSTRAINT `FK_HDETAIL_HTASK` FOREIGN KEY (`HTASK_`) REFERENCES `jbpm4_hist_task` (`DBID_`),
  CONSTRAINT `FK_HDETAIL_HVAR` FOREIGN KEY (`HVAR_`) REFERENCES `jbpm4_hist_var` (`DBID_`)
) ENGINE=InnoDB DEFAULT CHARSET=utf8;
/*!40101 SET character_set_client = @saved_cs_client */;

--
-- Dumping data for table `jbpm4_hist_detail`
--

LOCK TABLES `jbpm4_hist_detail` WRITE;
/*!40000 ALTER TABLE `jbpm4_hist_detail` DISABLE KEYS */;
/*!40000 ALTER TABLE `jbpm4_hist_detail` ENABLE KEYS */;
UNLOCK TABLES;

--
-- Table structure for table `jbpm4_hist_procinst`
--

DROP TABLE IF EXISTS `jbpm4_hist_procinst`;
/*!40101 SET @saved_cs_client     = @@character_set_client */;
/*!40101 SET character_set_client = utf8 */;
CREATE TABLE `jbpm4_hist_procinst` (
  `DBID_` bigint(20) NOT NULL,
  `DBVERSION_` int(11) NOT NULL,
  `ID_` varchar(255) DEFAULT NULL,
  `PROCDEFID_` varchar(255) DEFAULT NULL,
  `KEY_` varchar(255) DEFAULT NULL,
  `START_` datetime DEFAULT NULL,
  `END_` datetime DEFAULT NULL,
  `DURATION_` bigint(20) DEFAULT NULL,
  `STATE_` varchar(255) DEFAULT NULL,
  `ENDACTIVITY_` varchar(255) DEFAULT NULL,
  `NEXTIDX_` int(11) DEFAULT NULL,
  PRIMARY KEY (`DBID_`)
) ENGINE=InnoDB DEFAULT CHARSET=utf8;
/*!40101 SET character_set_client = @saved_cs_client */;

--
-- Dumping data for table `jbpm4_hist_procinst`
--

LOCK TABLES `jbpm4_hist_procinst` WRITE;
/*!40000 ALTER TABLE `jbpm4_hist_procinst` DISABLE KEYS */;
INSERT INTO `jbpm4_hist_procinst` VALUES (80048,1,'Image_Request.80048','Image_Request-1',NULL,'2012-02-10 17:20:47','2012-02-10 17:21:50',63196,'ended','Approved',1),(80050,1,'Image_Request.80050','Image_Request-1',NULL,'2012-02-10 17:20:49','2012-02-10 17:23:09',140590,'cancel','Rejected',1),(90001,0,'Compute_Request.90001','Compute_Request-1',NULL,'2012-02-12 14:55:35',NULL,NULL,'active',NULL,1),(100001,1,'Compute_Request.100001','Compute_Request-1',NULL,'2012-02-12 14:58:32','2012-02-12 16:05:54',4042125,'ended','Approved',1),(110002,1,'Compute_Request.110002','Compute_Request-1',NULL,'2012-02-12 16:08:32','2012-02-12 16:13:06',274343,'cancel','Rejected',1),(110004,1,'Compute_Request.110004','Compute_Request-1',NULL,'2012-02-12 16:13:25','2012-02-12 16:13:46',21468,'cancel','Rejected',1),(110006,1,'Compute_Request.110006','Compute_Request-1',NULL,'2012-02-12 16:13:28','2012-02-26 17:17:51',1213463125,'cancel','Rejected',1),(120001,1,'Compute_Request.120001','Compute_Request-1',NULL,'2012-02-12 18:13:39','2012-02-26 17:17:52',1206253468,'cancel','Rejected',1),(130001,1,'Volume_Request.130001','Volume_Request-1',NULL,'2012-02-12 18:27:00','2012-03-07 16:59:55',2068375891,'cancel','Rejected',1),(130003,1,'IpAddress_Request.130003','IpAddress_Request-1',NULL,'2012-02-12 18:28:05','2012-02-26 17:15:57',1205272218,'cancel','Rejected',1),(130005,1,'IpAddress_Request.130005','IpAddress_Request-1',NULL,'2012-02-12 18:34:55','2012-02-26 17:16:15',1204880375,'cancel','Rejected',1),(130007,1,'IpAddress_Request.130007','IpAddress_Request-1',NULL,'2012-02-12 18:35:21','2012-02-26 17:16:47',1204886281,'cancel','Rejected',1),(140001,1,'Image_Request.140001','Image_Request-1',NULL,'2012-02-12 18:47:58','2012-02-26 17:16:49',1204131437,'cancel','Rejected',1),(150001,1,'Compute_Request.150001','Compute_Request-1',NULL,'2012-02-15 12:05:48','2012-02-15 12:07:05',77812,'ended','Approved',1),(160001,1,'Compute_Request.160001','Compute_Request-1',NULL,'2012-02-16 14:10:43','2012-02-26 17:16:57',875174984,'cancel','Rejected',1),(170001,1,'Compute_Request.170001','Compute_Request-1',NULL,'2012-02-16 15:27:09','2012-02-26 17:17:01',870592937,'cancel','Rejected',1),(180001,1,'Volume_Request.180001','Volume_Request-1',NULL,'2012-02-16 16:02:25','2012-03-04 21:33:11',1488646531,'cancel','Rejected',1),(180003,1,'IpAddress_Request.180003','IpAddress_Request-1',NULL,'2012-02-16 16:03:20','2012-03-07 16:59:52',1731392120,'cancel','Rejected',1),(190001,1,'Compute_Request.190001','Compute_Request-1',NULL,'2012-02-16 20:01:03','2012-03-07 16:59:53',1717130538,'cancel','Rejected',1),(190003,1,'Compute_Request.190003','Compute_Request-1',NULL,'2012-02-16 20:02:04','2012-03-07 16:59:54',1717070863,'cancel','Rejected',1),(190005,1,'Compute_Request.190005','Compute_Request-1',NULL,'2012-02-16 21:02:59','2012-03-07 16:59:47',1713408212,'cancel','Rejected',1),(190007,1,'SecGroup_Request.190007','SecGroup_Request-1',NULL,'2012-02-16 21:14:30','2012-03-07 16:59:46',1712716402,'cancel','Rejected',1),(200001,1,'Compute_Request.200001','Compute_Request-1',NULL,'2012-02-17 16:08:35','2012-02-17 16:09:13',38738,'ended','Approved',1),(220001,1,'Compute_Request.220001','Compute_Request-1',NULL,'2012-02-22 16:25:50','2012-02-22 16:26:40',50808,'ended','Approved',1),(230001,1,'SecGroup_Request.230001','SecGroup_Request-1',NULL,'2012-02-24 14:02:16','2012-02-24 15:18:04',4548619,'ended','Approved',1),(230004,1,'Compute_Request.230004','Compute_Request-1',NULL,'2012-02-24 16:02:42','2012-03-07 16:59:45',1040223420,'cancel','Rejected',1),(240001,1,'Compute_Request.240001','Compute_Request-1',NULL,'2012-02-25 21:30:42','2012-02-25 21:31:12',30937,'ended','Approved',1),(250001,1,'SecGroup_Request.250001','SecGroup_Request-1',NULL,'2012-03-06 10:51:22','2012-03-06 12:28:09',5807462,'cancel','Rejected',1),(250003,1,'SecGroup_Request.250003','SecGroup_Request-1',NULL,'2012-03-06 10:52:18','2012-03-06 12:28:11',5753367,'cancel','Rejected',1),(260001,1,'SecGroup_Request.260001','SecGroup_Request-1',NULL,'2012-03-06 10:54:16','2012-03-06 12:28:05',5629277,'cancel','Rejected',1),(270001,1,'Compute_Request.270001','Compute_Request-1',NULL,'2012-03-06 11:20:25','2012-03-06 12:28:04',4059777,'cancel','Rejected',1),(280001,1,'SecGroup_Request.280001','SecGroup_Request-1',NULL,'2012-03-06 11:39:59','2012-03-06 12:28:04',2885074,'cancel','Rejected',1),(280003,1,'SecGroup_Request.280003','SecGroup_Request-1',NULL,'2012-03-06 11:45:01','2012-03-06 12:28:03',2582481,'cancel','Rejected',1),(280005,1,'SecGroup_Request.280005','SecGroup_Request-1',NULL,'2012-03-06 11:48:09','2012-03-06 12:28:02',2393731,'cancel','Rejected',1),(280007,1,'SecGroup_Request.280007','SecGroup_Request-1',NULL,'2012-03-06 11:54:16','2012-03-06 12:28:01',2025997,'cancel','Rejected',1),(280009,1,'SecGroup_Request.280009','SecGroup_Request-1',NULL,'2012-03-06 12:20:11','2012-03-06 12:28:00',469295,'cancel','Rejected',1),(280011,1,'SecGroup_Request.280011','SecGroup_Request-1',NULL,'2012-03-06 12:21:27','2012-03-06 12:27:57',390328,'cancel','Rejected',1),(280013,1,'SecGroup_Request.280013','SecGroup_Request-1',NULL,'2012-03-06 12:28:57','2012-03-07 16:59:44',102647283,'cancel','Rejected',1),(290001,1,'Compute_Request.290001','Compute_Request-1',NULL,'2012-03-06 13:52:43','2012-03-06 14:16:16',1413541,'ended','Approved',1),(300002,1,'Volume_Request.300002','Volume_Request-1',NULL,'2012-03-06 14:19:53','2012-03-06 14:20:10',17620,'ended','Approved',1),(300005,1,'Volume_Request.300005','Volume_Request-1',NULL,'2012-03-06 14:23:25','2012-03-06 14:23:44',19582,'ended','Approved',1),(300008,1,'Volume_Request.300008','Volume_Request-1',NULL,'2012-03-06 14:25:07','2012-03-06 14:25:13',6937,'ended','Approved',1),(300011,1,'Volume_Request.300011','Volume_Request-1',NULL,'2012-03-06 14:29:32','2012-03-06 14:30:12',40537,'ended','Approved',1),(300014,1,'Volume_Request.300014','Volume_Request-1',NULL,'2012-03-06 14:37:18','2012-03-06 14:37:39',21641,'ended','Approved',1),(300017,1,'IpAddress_Request.300017','IpAddress_Request-1',NULL,'2012-03-06 15:19:10','2012-03-06 15:19:35',25673,'ended','Approved',1),(300020,1,'IpAddress_Request.300020','IpAddress_Request-1',NULL,'2012-03-06 15:29:02','2012-03-06 15:30:03',61471,'ended','Approved',1),(300023,1,'IpAddress_Request.300023','IpAddress_Request-1',NULL,'2012-03-06 15:30:56','2012-03-06 15:31:04',8837,'ended','Approved',1),(300026,1,'IpAddress_Request.300026','IpAddress_Request-1',NULL,'2012-03-06 15:33:45','2012-03-06 15:33:51',6412,'ended','Approved',1),(300029,1,'IpAddress_Request.300029','IpAddress_Request-1',NULL,'2012-03-06 15:35:03','2012-03-06 15:35:08',5553,'ended','Approved',1),(310001,1,'IpAddress_Request.310001','IpAddress_Request-1',NULL,'2012-03-06 15:38:26','2012-03-06 15:52:28',842202,'cancel','Rejected',1),(310003,1,'IpAddress_Request.310003','IpAddress_Request-1',NULL,'2012-03-06 15:46:28','2012-03-06 15:52:29',361389,'cancel','Rejected',1),(310005,1,'IpAddress_Request.310005','IpAddress_Request-1',NULL,'2012-03-06 15:47:49','2012-03-06 15:52:25',276016,'cancel','Rejected',1),(310007,1,'IpAddress_Request.310007','IpAddress_Request-1',NULL,'2012-03-06 15:48:30','2012-03-06 15:52:23',233751,'cancel','Rejected',1),(310009,1,'IpAddress_Request.310009','IpAddress_Request-1',NULL,'2012-03-06 15:52:06','2012-03-06 15:52:22',16236,'ended','Approved',1),(320001,1,'Compute_Request.320001','Compute_Request-1',NULL,'2012-03-07 18:30:28','2012-03-07 18:30:37',9385,'ended','Approved',1),(320004,1,'Compute_Request.320004','Compute_Request-1',NULL,'2012-03-07 18:34:39','2012-03-07 18:34:46',7711,'ended','Approved',1),(330001,1,'Compute_Request.330001','Compute_Request-1',NULL,'2012-03-07 18:39:54','2012-03-07 18:39:59',5895,'ended','Approved',1),(330004,1,'Compute_Request.330004','Compute_Request-1',NULL,'2012-03-07 18:42:29','2012-03-07 18:42:34',5659,'ended','Approved',1),(330007,1,'Compute_Request.330007','Compute_Request-1',NULL,'2012-03-07 18:52:03','2012-03-07 18:52:09',6591,'ended','Approved',1);
/*!40000 ALTER TABLE `jbpm4_hist_procinst` ENABLE KEYS */;
UNLOCK TABLES;

--
-- Table structure for table `jbpm4_hist_task`
--

DROP TABLE IF EXISTS `jbpm4_hist_task`;
/*!40101 SET @saved_cs_client     = @@character_set_client */;
/*!40101 SET character_set_client = utf8 */;
CREATE TABLE `jbpm4_hist_task` (
  `DBID_` bigint(20) NOT NULL,
  `DBVERSION_` int(11) NOT NULL,
  `EXECUTION_` varchar(255) DEFAULT NULL,
  `OUTCOME_` varchar(255) DEFAULT NULL,
  `ASSIGNEE_` varchar(255) DEFAULT NULL,
  `PRIORITY_` int(11) DEFAULT NULL,
  `STATE_` varchar(255) DEFAULT NULL,
  `CREATE_` datetime DEFAULT NULL,
  `END_` datetime DEFAULT NULL,
  `DURATION_` bigint(20) DEFAULT NULL,
  `NEXTIDX_` int(11) DEFAULT NULL,
  `SUPERTASK_` bigint(20) DEFAULT NULL,
  PRIMARY KEY (`DBID_`),
  KEY `IDX_HSUPERT_SUB` (`SUPERTASK_`),
  KEY `FK_HSUPERT_SUB` (`SUPERTASK_`),
  CONSTRAINT `FK_HSUPERT_SUB` FOREIGN KEY (`SUPERTASK_`) REFERENCES `jbpm4_hist_task` (`DBID_`)
) ENGINE=InnoDB DEFAULT CHARSET=utf8;
/*!40101 SET character_set_client = @saved_cs_client */;

--
-- Dumping data for table `jbpm4_hist_task`
--

LOCK TABLES `jbpm4_hist_task` WRITE;
/*!40000 ALTER TABLE `jbpm4_hist_task` DISABLE KEYS */;
/*!40000 ALTER TABLE `jbpm4_hist_task` ENABLE KEYS */;
UNLOCK TABLES;

--
-- Table structure for table `jbpm4_hist_var`
--

DROP TABLE IF EXISTS `jbpm4_hist_var`;
/*!40101 SET @saved_cs_client     = @@character_set_client */;
/*!40101 SET character_set_client = utf8 */;
CREATE TABLE `jbpm4_hist_var` (
  `DBID_` bigint(20) NOT NULL,
  `DBVERSION_` int(11) NOT NULL,
  `PROCINSTID_` varchar(255) DEFAULT NULL,
  `EXECUTIONID_` varchar(255) DEFAULT NULL,
  `VARNAME_` varchar(255) DEFAULT NULL,
  `VALUE_` varchar(255) DEFAULT NULL,
  `HPROCI_` bigint(20) DEFAULT NULL,
  `HTASK_` bigint(20) DEFAULT NULL,
  PRIMARY KEY (`DBID_`),
  KEY `IDX_HVAR_HPROCI` (`HPROCI_`),
  KEY `IDX_HVAR_HTASK` (`HTASK_`),
  KEY `FK_HVAR_HPROCI` (`HPROCI_`),
  KEY `FK_HVAR_HTASK` (`HTASK_`),
  CONSTRAINT `FK_HVAR_HPROCI` FOREIGN KEY (`HPROCI_`) REFERENCES `jbpm4_hist_procinst` (`DBID_`),
  CONSTRAINT `FK_HVAR_HTASK` FOREIGN KEY (`HTASK_`) REFERENCES `jbpm4_hist_task` (`DBID_`)
) ENGINE=InnoDB DEFAULT CHARSET=utf8;
/*!40101 SET character_set_client = @saved_cs_client */;

--
-- Dumping data for table `jbpm4_hist_var`
--

LOCK TABLES `jbpm4_hist_var` WRITE;
/*!40000 ALTER TABLE `jbpm4_hist_var` DISABLE KEYS */;
/*!40000 ALTER TABLE `jbpm4_hist_var` ENABLE KEYS */;
UNLOCK TABLES;

--
-- Table structure for table `jbpm4_id_group`
--

DROP TABLE IF EXISTS `jbpm4_id_group`;
/*!40101 SET @saved_cs_client     = @@character_set_client */;
/*!40101 SET character_set_client = utf8 */;
CREATE TABLE `jbpm4_id_group` (
  `DBID_` bigint(20) NOT NULL,
  `DBVERSION_` int(11) NOT NULL,
  `ID_` varchar(255) DEFAULT NULL,
  `NAME_` varchar(255) DEFAULT NULL,
  `TYPE_` varchar(255) DEFAULT NULL,
  `PARENT_` bigint(20) DEFAULT NULL,
  PRIMARY KEY (`DBID_`),
  KEY `IDX_GROUP_PARENT` (`PARENT_`),
  KEY `FK_GROUP_PARENT` (`PARENT_`),
  CONSTRAINT `FK_GROUP_PARENT` FOREIGN KEY (`PARENT_`) REFERENCES `jbpm4_id_group` (`DBID_`)
) ENGINE=InnoDB DEFAULT CHARSET=utf8;
/*!40101 SET character_set_client = @saved_cs_client */;

--
-- Dumping data for table `jbpm4_id_group`
--

LOCK TABLES `jbpm4_id_group` WRITE;
/*!40000 ALTER TABLE `jbpm4_id_group` DISABLE KEYS */;
/*!40000 ALTER TABLE `jbpm4_id_group` ENABLE KEYS */;
UNLOCK TABLES;

--
-- Table structure for table `jbpm4_id_membership`
--

DROP TABLE IF EXISTS `jbpm4_id_membership`;
/*!40101 SET @saved_cs_client     = @@character_set_client */;
/*!40101 SET character_set_client = utf8 */;
CREATE TABLE `jbpm4_id_membership` (
  `DBID_` bigint(20) NOT NULL,
  `DBVERSION_` int(11) NOT NULL,
  `USER_` bigint(20) DEFAULT NULL,
  `GROUP_` bigint(20) DEFAULT NULL,
  `NAME_` varchar(255) DEFAULT NULL,
  PRIMARY KEY (`DBID_`),
  KEY `IDX_MEM_USER` (`USER_`),
  KEY `IDX_MEM_GROUP` (`GROUP_`),
  KEY `FK_MEM_GROUP` (`GROUP_`),
  KEY `FK_MEM_USER` (`USER_`),
  CONSTRAINT `FK_MEM_GROUP` FOREIGN KEY (`GROUP_`) REFERENCES `jbpm4_id_group` (`DBID_`),
  CONSTRAINT `FK_MEM_USER` FOREIGN KEY (`USER_`) REFERENCES `jbpm4_id_user` (`DBID_`)
) ENGINE=InnoDB DEFAULT CHARSET=utf8;
/*!40101 SET character_set_client = @saved_cs_client */;

--
-- Dumping data for table `jbpm4_id_membership`
--

LOCK TABLES `jbpm4_id_membership` WRITE;
/*!40000 ALTER TABLE `jbpm4_id_membership` DISABLE KEYS */;
/*!40000 ALTER TABLE `jbpm4_id_membership` ENABLE KEYS */;
UNLOCK TABLES;

--
-- Table structure for table `jbpm4_id_user`
--

DROP TABLE IF EXISTS `jbpm4_id_user`;
/*!40101 SET @saved_cs_client     = @@character_set_client */;
/*!40101 SET character_set_client = utf8 */;
CREATE TABLE `jbpm4_id_user` (
  `DBID_` bigint(20) NOT NULL,
  `DBVERSION_` int(11) NOT NULL,
  `ID_` varchar(255) DEFAULT NULL,
  `PASSWORD_` varchar(255) DEFAULT NULL,
  `GIVENNAME_` varchar(255) DEFAULT NULL,
  `FAMILYNAME_` varchar(255) DEFAULT NULL,
  `BUSINESSEMAIL_` varchar(255) DEFAULT NULL,
  PRIMARY KEY (`DBID_`)
) ENGINE=InnoDB DEFAULT CHARSET=utf8;
/*!40101 SET character_set_client = @saved_cs_client */;

--
-- Dumping data for table `jbpm4_id_user`
--

LOCK TABLES `jbpm4_id_user` WRITE;
/*!40000 ALTER TABLE `jbpm4_id_user` DISABLE KEYS */;
/*!40000 ALTER TABLE `jbpm4_id_user` ENABLE KEYS */;
UNLOCK TABLES;

--
-- Table structure for table `jbpm4_job`
--

DROP TABLE IF EXISTS `jbpm4_job`;
/*!40101 SET @saved_cs_client     = @@character_set_client */;
/*!40101 SET character_set_client = utf8 */;
CREATE TABLE `jbpm4_job` (
  `DBID_` bigint(20) NOT NULL,
  `CLASS_` varchar(255) NOT NULL,
  `DBVERSION_` int(11) NOT NULL,
  `DUEDATE_` datetime DEFAULT NULL,
  `STATE_` varchar(255) DEFAULT NULL,
  `ISEXCLUSIVE_` bit(1) DEFAULT NULL,
  `LOCKOWNER_` varchar(255) DEFAULT NULL,
  `LOCKEXPTIME_` datetime DEFAULT NULL,
  `EXCEPTION_` longtext,
  `RETRIES_` int(11) DEFAULT NULL,
  `PROCESSINSTANCE_` bigint(20) DEFAULT NULL,
  `EXECUTION_` bigint(20) DEFAULT NULL,
  `CFG_` bigint(20) DEFAULT NULL,
  `SIGNAL_` varchar(255) DEFAULT NULL,
  `EVENT_` varchar(255) DEFAULT NULL,
  `REPEAT_` varchar(255) DEFAULT NULL,
  PRIMARY KEY (`DBID_`),
  KEY `IDX_JOBRETRIES` (`RETRIES_`),
  KEY `IDX_JOB_CFG` (`CFG_`),
  KEY `IDX_JOB_PRINST` (`PROCESSINSTANCE_`),
  KEY `IDX_JOB_EXE` (`EXECUTION_`),
  KEY `IDX_JOBLOCKEXP` (`LOCKEXPTIME_`),
  KEY `IDX_JOBDUEDATE` (`DUEDATE_`),
  KEY `FK_JOB_CFG` (`CFG_`),
  CONSTRAINT `FK_JOB_CFG` FOREIGN KEY (`CFG_`) REFERENCES `jbpm4_lob` (`DBID_`)
) ENGINE=InnoDB DEFAULT CHARSET=utf8;
/*!40101 SET character_set_client = @saved_cs_client */;

--
-- Dumping data for table `jbpm4_job`
--

LOCK TABLES `jbpm4_job` WRITE;
/*!40000 ALTER TABLE `jbpm4_job` DISABLE KEYS */;
/*!40000 ALTER TABLE `jbpm4_job` ENABLE KEYS */;
UNLOCK TABLES;

--
-- Table structure for table `jbpm4_lob`
--

DROP TABLE IF EXISTS `jbpm4_lob`;
/*!40101 SET @saved_cs_client     = @@character_set_client */;
/*!40101 SET character_set_client = utf8 */;
CREATE TABLE `jbpm4_lob` (
  `DBID_` bigint(20) NOT NULL,
  `DBVERSION_` int(11) NOT NULL,
  `BLOB_VALUE_` longblob,
  `DEPLOYMENT_` bigint(20) DEFAULT NULL,
  `NAME_` longtext,
  PRIMARY KEY (`DBID_`),
  KEY `IDX_LOB_DEPLOYMENT` (`DEPLOYMENT_`),
  KEY `FK_LOB_DEPLOYMENT` (`DEPLOYMENT_`),
  CONSTRAINT `FK_LOB_DEPLOYMENT` FOREIGN KEY (`DEPLOYMENT_`) REFERENCES `jbpm4_deployment` (`DBID_`)
) ENGINE=InnoDB DEFAULT CHARSET=utf8;
/*!40101 SET character_set_client = @saved_cs_client */;

--
-- Dumping data for table `jbpm4_lob`
--

LOCK TABLES `jbpm4_lob` WRITE;
/*!40000 ALTER TABLE `jbpm4_lob` DISABLE KEYS */;
INSERT INTO `jbpm4_lob` VALUES (80007,0,'<?xml version=\"1.0\" encoding=\"UTF-8\"?>\n\n<process name=\"Compute Request\" key=\"Compute_Request\" xmlns=\"http://jbpm.org/4.4/jpdl\">\n\n  <start>\n    <transition to=\"Verification by Admin\" />\n  </start>\n\n  <state name=\"Verification by Admin\">\n    <transition name=\"Approve\" to=\"Approval by Manager\" />\n    <transition name=\"Reject\" to=\"Rejected\" />\n  </state>\n  \n	<state name=\"Approval by Manager\">\n		<transition name=\"Approve\" to=\"Approved\" />\n	    <transition name=\"Reject\" to=\"Rejected\" />\n	</state>\n\n  <end name=\"Approved\" />\n  <end-cancel name=\"Rejected\" />\n\n</process>\n',80006,'file:/E:/apache-tomcat-6.0.32/webapps/mycp/WEB-INF/classes/jbpm/ComputeRequest.jpdl.xml'),(80013,0,'<?xml version=\"1.0\" encoding=\"UTF-8\"?>\n\n<process name=\"Image Request\" key=\"Image_Request\" xmlns=\"http://jbpm.org/4.4/jpdl\">\n\n  <start>\n    <transition to=\"Verification by Admin\" />\n  </start>\n\n  <state name=\"Verification by Admin\">\n    <transition name=\"Approve\" to=\"Approval by Manager\" />\n    <transition name=\"Reject\" to=\"Rejected\" />\n  </state>\n  \n	<state name=\"Approval by Manager\">\n		<transition name=\"Approve\" to=\"Approved\" />\n	    <transition name=\"Reject\" to=\"Rejected\" />\n	</state>\n\n  <end name=\"Approved\" />\n  <end-cancel name=\"Rejected\" />\n\n</process>\n',80012,'file:/E:/apache-tomcat-6.0.32/webapps/mycp/WEB-INF/classes/jbpm/ImageRequest.jpdl.xml'),(80019,0,'<?xml version=\"1.0\" encoding=\"UTF-8\"?>\n\n<process name=\"IpAddress Request\" key=\"IpAddress_Request\" xmlns=\"http://jbpm.org/4.4/jpdl\">\n\n  <start>\n    <transition to=\"Verification by Admin\" />\n  </start>\n\n  <state name=\"Verification by Admin\">\n    <transition name=\"Approve\" to=\"Approval by Manager\" />\n    <transition name=\"Reject\" to=\"Rejected\" />\n  </state>\n  \n	<state name=\"Approval by Manager\">\n		<transition name=\"Approve\" to=\"Approved\" />\n	    <transition name=\"Reject\" to=\"Rejected\" />\n	</state>\n\n  <end name=\"Approved\" />\n  <end-cancel name=\"Rejected\" />\n\n</process>\n',80018,'file:/E:/apache-tomcat-6.0.32/webapps/mycp/WEB-INF/classes/jbpm/IpAddressRequest.jpdl.xml'),(80025,0,'<?xml version=\"1.0\" encoding=\"UTF-8\"?>\n\n<process name=\"Keys Request\" key=\"Keys_Request\" xmlns=\"http://jbpm.org/4.4/jpdl\">\n\n  <start>\n    <transition to=\"Verification by Admin\" />\n  </start>\n\n  <state name=\"Verification by Admin\">\n    <transition name=\"Approve\" to=\"Approval by Manager\" />\n    <transition name=\"Reject\" to=\"Rejected\" />\n  </state>\n  \n	<state name=\"Approval by Manager\">\n		<transition name=\"Approve\" to=\"Approved\" />\n	    <transition name=\"Reject\" to=\"Rejected\" />\n	</state>\n\n  <end name=\"Approved\" />\n  <end-cancel name=\"Rejected\" />\n\n</process>\n',80024,'file:/E:/apache-tomcat-6.0.32/webapps/mycp/WEB-INF/classes/jbpm/KeysRequest.jpdl.xml'),(80031,0,'<?xml version=\"1.0\" encoding=\"UTF-8\"?>\n\n<process name=\"SecGroup Request\" key=\"SecGroup_Request\" xmlns=\"http://jbpm.org/4.4/jpdl\">\n\n  <start>\n    <transition to=\"Verification by Admin\" />\n  </start>\n\n  <state name=\"Verification by Admin\">\n    <transition name=\"Approve\" to=\"Approval by Manager\" />\n    <transition name=\"Reject\" to=\"Rejected\" />\n  </state>\n  \n	<state name=\"Approval by Manager\">\n		<transition name=\"Approve\" to=\"Approved\" />\n	    <transition name=\"Reject\" to=\"Rejected\" />\n	</state>\n\n  <end name=\"Approved\" />\n  <end-cancel name=\"Rejected\" />\n\n</process>\n',80030,'file:/E:/apache-tomcat-6.0.32/webapps/mycp/WEB-INF/classes/jbpm/SecGroupRequest.jpdl.xml'),(80037,0,'<?xml version=\"1.0\" encoding=\"UTF-8\"?>\n\n<process name=\"Snapshot Request\" key=\"Snapshot_Request\" xmlns=\"http://jbpm.org/4.4/jpdl\">\n\n  <start>\n    <transition to=\"Verification by Admin\" />\n  </start>\n\n  <state name=\"Verification by Admin\">\n    <transition name=\"Approve\" to=\"Approval by Manager\" />\n    <transition name=\"Reject\" to=\"Rejected\" />\n  </state>\n  \n	<state name=\"Approval by Manager\">\n		<transition name=\"Approve\" to=\"Approved\" />\n	    <transition name=\"Reject\" to=\"Rejected\" />\n	</state>\n\n  <end name=\"Approved\" />\n  <end-cancel name=\"Rejected\" />\n\n</process>\n',80036,'file:/E:/apache-tomcat-6.0.32/webapps/mycp/WEB-INF/classes/jbpm/SnapshotRequest.jpdl.xml'),(80043,0,'<?xml version=\"1.0\" encoding=\"UTF-8\"?>\n\n<process name=\"Volume Request\" key=\"Volume_Request\" xmlns=\"http://jbpm.org/4.4/jpdl\">\n\n  <start>\n    <transition to=\"Verification by Admin\" />\n  </start>\n\n  <state name=\"Verification by Admin\">\n    <transition name=\"Approve\" to=\"Approval by Manager\" />\n    <transition name=\"Reject\" to=\"Rejected\" />\n  </state>\n  \n	<state name=\"Approval by Manager\">\n		<transition name=\"Approve\" to=\"Approved\" />\n	    <transition name=\"Reject\" to=\"Rejected\" />\n	</state>\n\n  <end name=\"Approved\" />\n  <end-cancel name=\"Rejected\" />\n\n</process>\n',80042,'file:/E:/apache-tomcat-6.0.32/webapps/mycp/WEB-INF/classes/jbpm/VolumeRequest.jpdl.xml');
/*!40000 ALTER TABLE `jbpm4_lob` ENABLE KEYS */;
UNLOCK TABLES;

--
-- Table structure for table `jbpm4_participation`
--

DROP TABLE IF EXISTS `jbpm4_participation`;
/*!40101 SET @saved_cs_client     = @@character_set_client */;
/*!40101 SET character_set_client = utf8 */;
CREATE TABLE `jbpm4_participation` (
  `DBID_` bigint(20) NOT NULL,
  `DBVERSION_` int(11) NOT NULL,
  `GROUPID_` varchar(255) DEFAULT NULL,
  `USERID_` varchar(255) DEFAULT NULL,
  `TYPE_` varchar(255) DEFAULT NULL,
  `TASK_` bigint(20) DEFAULT NULL,
  `SWIMLANE_` bigint(20) DEFAULT NULL,
  PRIMARY KEY (`DBID_`),
  KEY `IDX_PART_TASK` (`TASK_`),
  KEY `FK_PART_SWIMLANE` (`SWIMLANE_`),
  KEY `FK_PART_TASK` (`TASK_`),
  CONSTRAINT `FK_PART_SWIMLANE` FOREIGN KEY (`SWIMLANE_`) REFERENCES `jbpm4_swimlane` (`DBID_`),
  CONSTRAINT `FK_PART_TASK` FOREIGN KEY (`TASK_`) REFERENCES `jbpm4_task` (`DBID_`)
) ENGINE=InnoDB DEFAULT CHARSET=utf8;
/*!40101 SET character_set_client = @saved_cs_client */;

--
-- Dumping data for table `jbpm4_participation`
--

LOCK TABLES `jbpm4_participation` WRITE;
/*!40000 ALTER TABLE `jbpm4_participation` DISABLE KEYS */;
/*!40000 ALTER TABLE `jbpm4_participation` ENABLE KEYS */;
UNLOCK TABLES;

--
-- Table structure for table `jbpm4_property`
--

DROP TABLE IF EXISTS `jbpm4_property`;
/*!40101 SET @saved_cs_client     = @@character_set_client */;
/*!40101 SET character_set_client = utf8 */;
CREATE TABLE `jbpm4_property` (
  `KEY_` varchar(255) NOT NULL,
  `VERSION_` int(11) NOT NULL,
  `VALUE_` varchar(255) DEFAULT NULL,
  PRIMARY KEY (`KEY_`)
) ENGINE=InnoDB DEFAULT CHARSET=utf8;
/*!40101 SET character_set_client = @saved_cs_client */;

--
-- Dumping data for table `jbpm4_property`
--

LOCK TABLES `jbpm4_property` WRITE;
/*!40000 ALTER TABLE `jbpm4_property` DISABLE KEYS */;
INSERT INTO `jbpm4_property` VALUES ('next.dbid',34,'340001');
/*!40000 ALTER TABLE `jbpm4_property` ENABLE KEYS */;
UNLOCK TABLES;

--
-- Table structure for table `jbpm4_swimlane`
--

DROP TABLE IF EXISTS `jbpm4_swimlane`;
/*!40101 SET @saved_cs_client     = @@character_set_client */;
/*!40101 SET character_set_client = utf8 */;
CREATE TABLE `jbpm4_swimlane` (
  `DBID_` bigint(20) NOT NULL,
  `DBVERSION_` int(11) NOT NULL,
  `NAME_` varchar(255) DEFAULT NULL,
  `ASSIGNEE_` varchar(255) DEFAULT NULL,
  `EXECUTION_` bigint(20) DEFAULT NULL,
  PRIMARY KEY (`DBID_`),
  KEY `IDX_SWIMLANE_EXEC` (`EXECUTION_`),
  KEY `FK_SWIMLANE_EXEC` (`EXECUTION_`),
  CONSTRAINT `FK_SWIMLANE_EXEC` FOREIGN KEY (`EXECUTION_`) REFERENCES `jbpm4_execution` (`DBID_`)
) ENGINE=InnoDB DEFAULT CHARSET=utf8;
/*!40101 SET character_set_client = @saved_cs_client */;

--
-- Dumping data for table `jbpm4_swimlane`
--

LOCK TABLES `jbpm4_swimlane` WRITE;
/*!40000 ALTER TABLE `jbpm4_swimlane` DISABLE KEYS */;
/*!40000 ALTER TABLE `jbpm4_swimlane` ENABLE KEYS */;
UNLOCK TABLES;

--
-- Table structure for table `jbpm4_task`
--

DROP TABLE IF EXISTS `jbpm4_task`;
/*!40101 SET @saved_cs_client     = @@character_set_client */;
/*!40101 SET character_set_client = utf8 */;
CREATE TABLE `jbpm4_task` (
  `DBID_` bigint(20) NOT NULL,
  `CLASS_` char(1) NOT NULL,
  `DBVERSION_` int(11) NOT NULL,
  `NAME_` varchar(255) DEFAULT NULL,
  `DESCR_` longtext,
  `STATE_` varchar(255) DEFAULT NULL,
  `SUSPHISTSTATE_` varchar(255) DEFAULT NULL,
  `ASSIGNEE_` varchar(255) DEFAULT NULL,
  `FORM_` varchar(255) DEFAULT NULL,
  `PRIORITY_` int(11) DEFAULT NULL,
  `CREATE_` datetime DEFAULT NULL,
  `DUEDATE_` datetime DEFAULT NULL,
  `PROGRESS_` int(11) DEFAULT NULL,
  `SIGNALLING_` bit(1) DEFAULT NULL,
  `EXECUTION_ID_` varchar(255) DEFAULT NULL,
  `ACTIVITY_NAME_` varchar(255) DEFAULT NULL,
  `HASVARS_` bit(1) DEFAULT NULL,
  `SUPERTASK_` bigint(20) DEFAULT NULL,
  `EXECUTION_` bigint(20) DEFAULT NULL,
  `PROCINST_` bigint(20) DEFAULT NULL,
  `SWIMLANE_` bigint(20) DEFAULT NULL,
  `TASKDEFNAME_` varchar(255) DEFAULT NULL,
  PRIMARY KEY (`DBID_`),
  KEY `IDX_TASK_SUPERTASK` (`SUPERTASK_`),
  KEY `FK_TASK_SWIML` (`SWIMLANE_`),
  KEY `FK_TASK_SUPERTASK` (`SUPERTASK_`),
  CONSTRAINT `FK_TASK_SUPERTASK` FOREIGN KEY (`SUPERTASK_`) REFERENCES `jbpm4_task` (`DBID_`),
  CONSTRAINT `FK_TASK_SWIML` FOREIGN KEY (`SWIMLANE_`) REFERENCES `jbpm4_swimlane` (`DBID_`)
) ENGINE=InnoDB DEFAULT CHARSET=utf8;
/*!40101 SET character_set_client = @saved_cs_client */;

--
-- Dumping data for table `jbpm4_task`
--

LOCK TABLES `jbpm4_task` WRITE;
/*!40000 ALTER TABLE `jbpm4_task` DISABLE KEYS */;
/*!40000 ALTER TABLE `jbpm4_task` ENABLE KEYS */;
UNLOCK TABLES;

--
-- Table structure for table `jbpm4_variable`
--

DROP TABLE IF EXISTS `jbpm4_variable`;
/*!40101 SET @saved_cs_client     = @@character_set_client */;
/*!40101 SET character_set_client = utf8 */;
CREATE TABLE `jbpm4_variable` (
  `DBID_` bigint(20) NOT NULL,
  `CLASS_` varchar(255) NOT NULL,
  `DBVERSION_` int(11) NOT NULL,
  `KEY_` varchar(255) DEFAULT NULL,
  `CONVERTER_` varchar(255) DEFAULT NULL,
  `HIST_` bit(1) DEFAULT NULL,
  `EXECUTION_` bigint(20) DEFAULT NULL,
  `TASK_` bigint(20) DEFAULT NULL,
  `LOB_` bigint(20) DEFAULT NULL,
  `DATE_VALUE_` datetime DEFAULT NULL,
  `DOUBLE_VALUE_` double DEFAULT NULL,
  `CLASSNAME_` varchar(255) DEFAULT NULL,
  `LONG_VALUE_` bigint(20) DEFAULT NULL,
  `STRING_VALUE_` varchar(255) DEFAULT NULL,
  `TEXT_VALUE_` longtext,
  `EXESYS_` bigint(20) DEFAULT NULL,
  PRIMARY KEY (`DBID_`),
  KEY `IDX_VAR_EXESYS` (`EXESYS_`),
  KEY `IDX_VAR_TASK` (`TASK_`),
  KEY `IDX_VAR_EXECUTION` (`EXECUTION_`),
  KEY `IDX_VAR_LOB` (`LOB_`),
  KEY `FK_VAR_LOB` (`LOB_`),
  KEY `FK_VAR_EXECUTION` (`EXECUTION_`),
  KEY `FK_VAR_EXESYS` (`EXESYS_`),
  KEY `FK_VAR_TASK` (`TASK_`),
  CONSTRAINT `FK_VAR_EXECUTION` FOREIGN KEY (`EXECUTION_`) REFERENCES `jbpm4_execution` (`DBID_`),
  CONSTRAINT `FK_VAR_EXESYS` FOREIGN KEY (`EXESYS_`) REFERENCES `jbpm4_execution` (`DBID_`),
  CONSTRAINT `FK_VAR_LOB` FOREIGN KEY (`LOB_`) REFERENCES `jbpm4_lob` (`DBID_`),
  CONSTRAINT `FK_VAR_TASK` FOREIGN KEY (`TASK_`) REFERENCES `jbpm4_task` (`DBID_`)
) ENGINE=InnoDB DEFAULT CHARSET=utf8;
/*!40101 SET character_set_client = @saved_cs_client */;

--
-- Dumping data for table `jbpm4_variable`
--

LOCK TABLES `jbpm4_variable` WRITE;
/*!40000 ALTER TABLE `jbpm4_variable` DISABLE KEYS */;
/*!40000 ALTER TABLE `jbpm4_variable` ENABLE KEYS */;
UNLOCK TABLES;

--
-- Table structure for table `key_pair_info_p`
--

DROP TABLE IF EXISTS `key_pair_info_p`;
/*!40101 SET @saved_cs_client     = @@character_set_client */;
/*!40101 SET character_set_client = utf8 */;
CREATE TABLE `key_pair_info_p` (
  `id` int(11) NOT NULL AUTO_INCREMENT,
  `keyName` varchar(90) DEFAULT NULL,
  `keyFingerprint` varchar(512) DEFAULT NULL,
  `keyMaterial` varchar(2048) DEFAULT NULL,
  `asset` int(11) DEFAULT NULL,
  `status` varchar(45) DEFAULT NULL,
  PRIMARY KEY (`id`),
  KEY `ix_KeyPairInfo_Asset1` (`asset`),
  CONSTRAINT `fk_KeyPairInfo_Asset1` FOREIGN KEY (`asset`) REFERENCES `asset` (`id`) ON DELETE NO ACTION ON UPDATE NO ACTION
) ENGINE=InnoDB AUTO_INCREMENT=28 DEFAULT CHARSET=utf8;
/*!40101 SET character_set_client = @saved_cs_client */;

--
-- Dumping data for table `key_pair_info_p`
--

LOCK TABLES `key_pair_info_p` WRITE;
/*!40000 ALTER TABLE `key_pair_info_p` DISABLE KEYS */;
INSERT INTO `key_pair_info_p` VALUES (27,'A key','76:a9:11:d9:7d:e5:4a:67:67:c8:bf:e3:2b:07:39:aa:9a:40:bd:97','-----BEGIN RSA PRIVATE KEY-----\nMIIEowIBAAKCAQEAi+/h3uvhaoj/fJhr7bNF/mguJlOy+nLAlIoee+ZB1qy8gj0K\nLnQIDqKn9xy2hvtppR2EW4GR30WrZga8wILJ1EX9BgxAohTF1y2B1oS2/5Jlg/je\ncoy0MrzNBcCOmYjQZcwiYYpBKR39kQQhUMXA9z5aosd9MnRjqxmk1RJRM6mhvSBW\n+emrWw2nshDennNDECtnUoC63zI3o5l4krLuoLSEpLLs0QPsDB8x25EPMlEuWeTf\nNi8+72zgpeN6OAlQj5MqHjqYr8vxvYTT4yiC02o4zcSZ+ciyzb536amOsbLXtuuh\nepHBqrn1KmRrLOsQfbVu1onSFsmZhxwqZFCTkQIDAQABAoIBACHGclPlxvB5xICE\nIXirzncLGihyBz7ft4+ijp0FBFsWMiGVLgHsS42MwNGqAnwt7l/F8g5MBbNIE4h6\nk9A7QQ+VHO76whbcwKug9jearLie0xW5Wad4Qn4Eh8+dnE1+ch4/2QSF5BhSfsMj\npg7izCJg0Gt9jsBAy1WeyOQMmcDIEh0BLTUSzRzIyPKnAYsSXC5frX3tpWELRSLX\nD/Y9YrVb9Ig5itFCFzcxnKX5qkHzXScPA5v7K0+wuSXiHGP8w1TEOO3MkqUSKsQV\nec6hzF5MdldDRqe3oL8jMTv90erbjjlkmawt2C9DkINStdWNli35GODv4kZgtuLo\nByiWzmECgYEA3XCZeyzryq05KQr7iUf1Im//Z1iugW6eShaTNEBuUw9py6tzgdh6\nWcClSOZ/QR8zDQgvPXkuFDKZnzZTy7zS4O85s4F6JHXq/6CM/D9DBXqEaZ92ehWf\nUnPXSB1Kuxr08zaQ8iXW1VhucwlTQcGoXx1wln0TMR/u0IwyiunqTv0CgYEAocbs\nIp5Ixk4/mvvjg/qqa1HPjvwiHsohTyvqrRvFQYHXbceHa5Ko9gAcE8E17JJc+Khr\n0k6NPEyzhW55BPeumQhroHbKvWqUZcsCCkMngSpGKLc6k1UfPNS1ftrKIOfM3I5K\npTgwcjXxyY0oMHBJdk+s/f48zLCAps4yg9uqnSUCgYBxK9jlAOJJJRqvhTNkx+fa\nf87SLJqS/8vaJYt6CuvXe2sgcjGITPDK6hAPH+4thBp9MI+kJUiNfgbRPdy5pXlJ\nCDo/KY8ZD0LY/l7PlC1WoXUG3j6YynAwnY+LBZ1p3q8NlfeiKgCP7LAWDtAELUs1\nwUAHSUkDtERDRUOXh1D+qQKBgQCELW09k6nOLJyXWnq3mJSo/rzhDGwsT+YLM8yY\nB3qRXS7QyReB8uANrmVCVrhiQ+umVqVRvVB0Fg8PVAWY421KJ7EX+DcJsAzzZnyS\nOfAK/qk4FwzK19+f6gMoVEaVwA6HndKrT0914VFd5fESMowzGEI1fAXdD9DteMeZ\nKF8r6QKBgEXwMx1J7IqiMwxi2rhtaUaBE4/Oj5mMikWOsqDZxv4gc4pEBsV3QAvT\nFEXmjuDQmKsmDCrPExXs7bEJtmRFVoDF7LbvTAmzF9RYGeiO2KRvf4Iji4d5Z8xl\nY6SqR+zimNnFBvnuF8s4BbQpEULyVOqWdfwfazxpt27lJjpg/2Z+\n-----END RSA PRIVATE KEY-----\n',734,'active');
/*!40000 ALTER TABLE `key_pair_info_p` ENABLE KEYS */;
UNLOCK TABLES;

--
-- Table structure for table `manager`
--

DROP TABLE IF EXISTS `manager`;
/*!40101 SET @saved_cs_client     = @@character_set_client */;
/*!40101 SET character_set_client = utf8 */;
CREATE TABLE `manager` (
  `id` int(11) NOT NULL AUTO_INCREMENT,
  `project` int(11) DEFAULT NULL,
  `firstname` varchar(45) DEFAULT NULL,
  `lastname` varchar(45) DEFAULT NULL,
  `email` varchar(45) DEFAULT NULL,
  `designation` varchar(45) DEFAULT NULL,
  `phone` varchar(45) DEFAULT NULL,
  PRIMARY KEY (`id`),
  KEY `ix_Manager_Project1` (`project`),
  CONSTRAINT `fk_Manager_Project1` FOREIGN KEY (`project`) REFERENCES `project` (`id`) ON DELETE NO ACTION ON UPDATE NO ACTION
) ENGINE=InnoDB AUTO_INCREMENT=4 DEFAULT CHARSET=utf8;
/*!40101 SET character_set_client = @saved_cs_client */;

--
-- Dumping data for table `manager`
--

LOCK TABLES `manager` WRITE;
/*!40000 ALTER TABLE `manager` DISABLE KEYS */;
INSERT INTO `manager` VALUES (1,1,'Man','Manager','222@sss.com','Line Man','444444'),(2,2,'test edit','edit','ddd@eee.wr','ddddd','66666'),(3,1,'ttttttttttttt','yyyyyyyyyyy','yyy@eee.com','tttttttttt','55555555555555');
/*!40000 ALTER TABLE `manager` ENABLE KEYS */;
UNLOCK TABLES;

--
-- Table structure for table `meter_metric`
--

DROP TABLE IF EXISTS `meter_metric`;
/*!40101 SET @saved_cs_client     = @@character_set_client */;
/*!40101 SET character_set_client = utf8 */;
CREATE TABLE `meter_metric` (
  `id` int(11) NOT NULL AUTO_INCREMENT,
  `name` varchar(45) DEFAULT NULL,
  `datatype` varchar(45) DEFAULT NULL,
  `description` varchar(255) DEFAULT NULL,
  PRIMARY KEY (`id`)
) ENGINE=InnoDB AUTO_INCREMENT=6 DEFAULT CHARSET=utf8;
/*!40101 SET character_set_client = @saved_cs_client */;

--
-- Dumping data for table `meter_metric`
--

LOCK TABLES `meter_metric` WRITE;
/*!40000 ALTER TABLE `meter_metric` DISABLE KEYS */;
INSERT INTO `meter_metric` VALUES (2,'Per Hour','Hours','hourly metric'),(3,'Per Day','Days','Daily Metric'),(4,'Per GBPS','GBPS','Giga Bytes Per Second transfer'),(5,'Count','Digit','# of assets');
/*!40000 ALTER TABLE `meter_metric` ENABLE KEYS */;
UNLOCK TABLES;

--
-- Table structure for table `product_catalog`
--

DROP TABLE IF EXISTS `product_catalog`;
/*!40101 SET @saved_cs_client     = @@character_set_client */;
/*!40101 SET character_set_client = utf8 */;
CREATE TABLE `product_catalog` (
  `id` int(11) NOT NULL AUTO_INCREMENT,
  `name` varchar(45) DEFAULT NULL,
  `details` varchar(255) DEFAULT NULL,
  `price` int(11) DEFAULT NULL,
  `currency` varchar(45) DEFAULT NULL,
  `productType` varchar(45) DEFAULT NULL,
  `infra` int(11) DEFAULT NULL,
  PRIMARY KEY (`id`),
  KEY `fk_infra_productCatalog` (`infra`),
  CONSTRAINT `fk_infra_productCatalog` FOREIGN KEY (`infra`) REFERENCES `infra` (`id`) ON DELETE NO ACTION ON UPDATE NO ACTION
) ENGINE=InnoDB AUTO_INCREMENT=40 DEFAULT CHARSET=utf8;
/*!40101 SET character_set_client = @saved_cs_client */;

--
-- Dumping data for table `product_catalog`
--

LOCK TABLES `product_catalog` WRITE;
/*!40000 ALTER TABLE `product_catalog` DISABLE KEYS */;
INSERT INTO `product_catalog` VALUES (1,'Ip Address @ Eucalyptus','Eucalyptus Bang IpAddress',2,'INR','Ip Address',2),(2,'Security Group @ Eucalyptus','Eucalyptus Bang SecurityGroup',3,'INR','Security Group',2),(4,'Volume @ Eucalyptus','Eucalyptus Bang Volume',1,'INR','Volume',2),(5,'Snapshot @ Eucalyptus','Eucalyptus Bang VolumeSnapshot',1,'INR','Snapshot',2),(6,'Image @ Eucalyptus','Eucalyptus Bang ComputeImage',2,'INR','Image',2),(8,'Compute @ Eucalyptus','Eucalyptus Bang ComputeInstance',5,'INR','Instance',2),(9,'KeyPair @ Eucalyptus','Eucalyptus Bang KeyPair',1,'INR','Key Pair',2),(22,'ComputeInstance @ testsignup Euca Setup',NULL,10,'USD','Instance',7),(23,'IpAddress @ testsignup Euca Setup',NULL,10,'USD','Ip Address',7),(24,'KeyPair @ testsignup Euca Setup',NULL,10,'USD','Key Pair',7),(25,'SecurityGroup @ testsignup Euca Setup',NULL,10,'USD','Security Group',7),(26,'Volume @ testsignup Euca Setup',NULL,10,'USD','Volume',7),(27,'VolumeSnapshot @ testsignup Euca Setup',NULL,10,'USD','Snapshot',7),(28,'ComputeInstance @ Digital Euca Setup',NULL,10,'INR','Instance',8),(29,'IpAddress @ Digital Euca Setup',NULL,10,'INR','Ip Address',8),(30,'KeyPair @ Digital Euca Setup',NULL,10,'INR','Key Pair',8),(31,'SecurityGroup @ Digital Euca Setup',NULL,10,'INR','Security Group',8),(32,'Volume @ Digital Euca Setup',NULL,10,'INR','Volume',8),(33,'VolumeSnapshot @ Digital Euca Setup',NULL,10,'INR','Snapshot',8),(34,'ComputeInstance @ A Euca Setup',NULL,10,'INR','Instance',9),(35,'IpAddress @ A Euca Setup',NULL,10,'INR','Ip Address',9),(36,'KeyPair @ A Euca Setup',NULL,10,'INR','Key Pair',9),(37,'SecurityGroup @ A Euca Setup',NULL,10,'INR','Security Group',9),(38,'Volume @ A Euca Setup',NULL,10,'INR','Volume',9),(39,'VolumeSnapshot @ A Euca Setup',NULL,10,'INR','Snapshot',9);
/*!40000 ALTER TABLE `product_catalog` ENABLE KEYS */;
UNLOCK TABLES;

--
-- Table structure for table `project`
--

DROP TABLE IF EXISTS `project`;
/*!40101 SET @saved_cs_client     = @@character_set_client */;
/*!40101 SET character_set_client = utf8 */;
CREATE TABLE `project` (
  `id` int(11) NOT NULL AUTO_INCREMENT,
  `department` int(11) DEFAULT NULL,
  `name` varchar(45) DEFAULT NULL,
  `details` varchar(255) DEFAULT NULL,
  PRIMARY KEY (`id`),
  KEY `ix_Project_Department1` (`department`),
  CONSTRAINT `fk_Project_Department1` FOREIGN KEY (`department`) REFERENCES `department` (`id`) ON DELETE NO ACTION ON UPDATE NO ACTION
) ENGINE=InnoDB AUTO_INCREMENT=10 DEFAULT CHARSET=utf8;
/*!40101 SET character_set_client = @saved_cs_client */;

--
-- Dumping data for table `project`
--

LOCK TABLES `project` WRITE;
/*!40000 ALTER TABLE `project` DISABLE KEYS */;
INSERT INTO `project` VALUES (1,12,'Farm Pillage','online game'),(2,14,'Testing Farm Pillage','automated testing for farm pillage'),(3,13,'Core Banking For Citi','interbank transactions'),(4,15,'Logistics Dashboard','Reporting for Big Bazaar'),(5,16,'Proj @ Dept @ pass',NULL),(6,17,'Proj @ Dept @ pass',NULL),(7,18,'Proj @ Dept @ testsignup',NULL),(8,19,'Proj @ Dept @ Digital',NULL),(9,20,'Proj @ Dept @ A',NULL);
/*!40000 ALTER TABLE `project` ENABLE KEYS */;
UNLOCK TABLES;

--
-- Table structure for table `quota`
--

DROP TABLE IF EXISTS `quota`;
/*!40101 SET @saved_cs_client     = @@character_set_client */;
/*!40101 SET character_set_client = utf8 */;
CREATE TABLE `quota` (
  `id` int(11) NOT NULL AUTO_INCREMENT,
  `meterMetric` int(11) DEFAULT NULL,
  `name` varchar(45) DEFAULT NULL,
  `quotalimit` int(11) DEFAULT NULL,
  `startdate` datetime DEFAULT NULL,
  `enddate` datetime DEFAULT NULL,
  PRIMARY KEY (`id`),
  KEY `ix_Quota_Meter_Metric1` (`meterMetric`),
  CONSTRAINT `fk_Quota_Meter_Metric1` FOREIGN KEY (`meterMetric`) REFERENCES `meter_metric` (`id`) ON DELETE NO ACTION ON UPDATE NO ACTION
) ENGINE=InnoDB AUTO_INCREMENT=4 DEFAULT CHARSET=utf8;
/*!40101 SET character_set_client = @saved_cs_client */;

--
-- Dumping data for table `quota`
--

LOCK TABLES `quota` WRITE;
/*!40000 ALTER TABLE `quota` DISABLE KEYS */;
INSERT INTO `quota` VALUES (1,2,'fff',2,'2012-01-17 00:00:00','2012-01-17 00:00:00'),(2,3,'dsdds',2,'2012-01-10 00:00:00','2012-02-09 00:00:00'),(3,5,'Portal Project Compute Quota',10,'2012-02-14 00:00:00','2012-02-20 00:00:00');
/*!40000 ALTER TABLE `quota` ENABLE KEYS */;
UNLOCK TABLES;

--
-- Table structure for table `region_p`
--

DROP TABLE IF EXISTS `region_p`;
/*!40101 SET @saved_cs_client     = @@character_set_client */;
/*!40101 SET character_set_client = utf8 */;
CREATE TABLE `region_p` (
  `id` int(11) NOT NULL AUTO_INCREMENT,
  `name` varchar(45) DEFAULT NULL,
  `details` varchar(90) DEFAULT NULL,
  `url` varchar(255) DEFAULT NULL,
  `company` int(11) DEFAULT NULL,
  PRIMARY KEY (`id`),
  KEY `fk_region_company` (`company`),
  CONSTRAINT `fk_region_company` FOREIGN KEY (`company`) REFERENCES `company` (`id`) ON DELETE NO ACTION ON UPDATE NO ACTION
) ENGINE=InnoDB AUTO_INCREMENT=5 DEFAULT CHARSET=utf8;
/*!40101 SET character_set_client = @saved_cs_client */;

--
-- Dumping data for table `region_p`
--

LOCK TABLES `region_p` WRITE;
/*!40000 ALTER TABLE `region_p` DISABLE KEYS */;
INSERT INTO `region_p` VALUES (1,'Bangalore','10k sq ft REliance, Gothilla ','',11),(3,'Walrus','','http://192.168.253.84:8773/services/Walrus',11),(4,'test Region','','',12);
/*!40000 ALTER TABLE `region_p` ENABLE KEYS */;
UNLOCK TABLES;

--
-- Table structure for table `role`
--

DROP TABLE IF EXISTS `role`;
/*!40101 SET @saved_cs_client     = @@character_set_client */;
/*!40101 SET character_set_client = utf8 */;
CREATE TABLE `role` (
  `id` int(11) NOT NULL AUTO_INCREMENT,
  `name` varchar(45) DEFAULT NULL,
  `intval` int(11) DEFAULT NULL,
  PRIMARY KEY (`id`),
  UNIQUE KEY `name_UNIQUE` (`name`)
) ENGINE=InnoDB AUTO_INCREMENT=5 DEFAULT CHARSET=utf8;
/*!40101 SET character_set_client = @saved_cs_client */;

--
-- Dumping data for table `role`
--

LOCK TABLES `role` WRITE;
/*!40000 ALTER TABLE `role` DISABLE KEYS */;
INSERT INTO `role` VALUES (1,'ROLE_USER',0),(2,'ROLE_ADMIN',3),(3,'ROLE_MANAGER',6),(4,'ROLE_SUPERADMIN',9);
/*!40000 ALTER TABLE `role` ENABLE KEYS */;
UNLOCK TABLES;

--
-- Table structure for table `snapshot_info_p`
--

DROP TABLE IF EXISTS `snapshot_info_p`;
/*!40101 SET @saved_cs_client     = @@character_set_client */;
/*!40101 SET character_set_client = utf8 */;
CREATE TABLE `snapshot_info_p` (
  `id` int(11) NOT NULL AUTO_INCREMENT,
  `snapshotId` varchar(45) DEFAULT NULL,
  `volumeId` varchar(45) DEFAULT NULL,
  `status` varchar(45) DEFAULT NULL,
  `startTime` datetime DEFAULT NULL,
  `progress` varchar(45) DEFAULT NULL,
  `ownerId` varchar(45) DEFAULT NULL,
  `volumeSize` varchar(45) DEFAULT NULL,
  `description` varchar(45) DEFAULT NULL,
  `ownerAlias` varchar(45) DEFAULT NULL,
  `tagSet` varchar(255) DEFAULT NULL,
  `asset` int(11) DEFAULT NULL,
  PRIMARY KEY (`id`),
  KEY `ix_SnapshotInfo_Asset1` (`asset`),
  CONSTRAINT `fk_SnapshotInfo_Asset1` FOREIGN KEY (`asset`) REFERENCES `asset` (`id`) ON DELETE NO ACTION ON UPDATE NO ACTION
) ENGINE=InnoDB DEFAULT CHARSET=utf8;
/*!40101 SET character_set_client = @saved_cs_client */;

--
-- Dumping data for table `snapshot_info_p`
--

LOCK TABLES `snapshot_info_p` WRITE;
/*!40000 ALTER TABLE `snapshot_info_p` DISABLE KEYS */;
/*!40000 ALTER TABLE `snapshot_info_p` ENABLE KEYS */;
UNLOCK TABLES;

--
-- Table structure for table `user`
--

DROP TABLE IF EXISTS `user`;
/*!40101 SET @saved_cs_client     = @@character_set_client */;
/*!40101 SET character_set_client = utf8 */;
CREATE TABLE `user` (
  `id` int(11) NOT NULL AUTO_INCREMENT,
  `email` varchar(45) NOT NULL,
  `password` varchar(90) DEFAULT NULL,
  `registereddate` datetime DEFAULT NULL,
  `active` tinyint(1) DEFAULT NULL,
  `role` int(11) DEFAULT NULL,
  `loggedInDate` datetime DEFAULT NULL,
  `firstName` varchar(90) DEFAULT NULL,
  `lastName` varchar(90) DEFAULT NULL,
  `phone` int(11) DEFAULT NULL,
  `designation` varchar(90) DEFAULT NULL,
  `project` int(11) DEFAULT NULL,
  PRIMARY KEY (`id`),
  UNIQUE KEY `email_UNIQUE` (`email`),
  KEY `fk_role` (`role`),
  KEY `fk_user_project` (`project`),
  CONSTRAINT `fk_role` FOREIGN KEY (`role`) REFERENCES `role` (`id`) ON DELETE NO ACTION ON UPDATE NO ACTION,
  CONSTRAINT `fk_user_project` FOREIGN KEY (`project`) REFERENCES `project` (`id`) ON DELETE NO ACTION ON UPDATE NO ACTION
) ENGINE=InnoDB AUTO_INCREMENT=59 DEFAULT CHARSET=utf8;
/*!40101 SET character_set_client = @saved_cs_client */;

--
-- Dumping data for table `user`
--

LOCK TABLES `user` WRITE;
/*!40000 ALTER TABLE `user` DISABLE KEYS */;
INSERT INTO `user` VALUES (34,'mycpadmin@mycp.com','94e6a0548046f0a8ccd8e49fd8540bda90878f1be786d7ce153848312a5ebb35','2012-02-15 16:29:59',1,4,'2012-03-08 20:34:22','MyCP','Admin',NULL,'',NULL),(37,'user1@mycp.com','711b2f02bb12f5babd4b06c8c5bb0ec303e00f6afc30fb67fe63a2c08aa23202','2012-02-15 16:30:07',1,1,'2012-02-22 16:52:11','User 1','User1',NULL,'',NULL),(45,'admin@mycp.com','ef5b64c661b15f3bc37132c4d4cff0bea5e6708db430b42bed467e8b18f6d883','2012-02-21 14:13:12',1,2,'2012-02-23 20:28:06','mycp','admin',NULL,'',NULL),(46,'user1@digi.com','d811f0f0d9dc7eef3929d275496d68c33b506a31ba434eada42bab0c7ded436a','2012-02-22 23:47:40',1,1,'2012-03-07 12:17:36','User One','Digi',NULL,'',1),(47,'user2@digi.com','facaa2b87616c5969af1285ade4a77a36ad1e2be76e896bbd585f09587ca6f06','2012-02-22 23:47:55',1,1,NULL,'User One','Digi',NULL,'',2),(48,'user2@cogni.com','e90065d8dd62aa5185aa3baaabd9db1f339c0e82acb953e7bb7b879b41c99ab7','2012-02-22 23:48:36',1,1,NULL,'User Two','Cogni',NULL,'',3),(49,'user1@cogni.com','f0dc5836256ce0c9939760685f20d31fcedb4db48a73a87f47f37506c6aa3e94','2012-02-22 23:48:52',1,1,'2012-02-25 21:29:36','User One','Cogni',NULL,'',4),(50,'manager@cogni.com','8a10def54f0423493f68532d9ebc18077e59e653bc28b040286a6bc9b03b6279','2012-02-22 23:49:27',1,3,NULL,'Manager','Cogni',NULL,'',4),(51,'admin@cogni.com','284fbe880b4ad3243b41f7c6dfb7ea03ae3d8a2729e4af68600fe2710b62d919','2012-02-22 23:49:44',1,2,NULL,'Admin','Cogni',NULL,'',3),(52,'admin@digi.com','858566e45d344f683cb6265915f85dbd6319459d222ba8ca7e49426050792577','2012-02-22 23:50:07',1,2,'2012-03-07 12:17:45','Admin','Digi',NULL,'',1),(53,'manager@digi.com','d75eb2c5ea876af4c8163532286dfeadac6c5f0bc4479627eda12e8a0511b8b0','2012-02-22 23:50:33',1,3,'2012-03-07 12:17:27','Manager','Digi',NULL,'',2),(56,'testsignup@test.com','cb6e83e892b56d499af4b23ed7ec47924ff9598dada506d5a3cb934184640135','2012-03-06 10:39:22',1,3,'2012-03-07 17:13:46','testsignup',NULL,NULL,NULL,7),(58,'a@a.com','84ee3cbf736ebdde8c419d4fe2bf20daa177fa616af0328baa9b99813a4567bd','2012-03-07 17:50:06',1,3,'2012-03-07 21:22:44','a a',NULL,NULL,NULL,9);
/*!40000 ALTER TABLE `user` ENABLE KEYS */;
UNLOCK TABLES;

--
-- Table structure for table `volume_info_p`
--

DROP TABLE IF EXISTS `volume_info_p`;
/*!40101 SET @saved_cs_client     = @@character_set_client */;
/*!40101 SET character_set_client = utf8 */;
CREATE TABLE `volume_info_p` (
  `id` int(11) NOT NULL AUTO_INCREMENT,
  `volumeId` varchar(45) DEFAULT NULL,
  `size` int(11) DEFAULT NULL,
  `snapshotId` varchar(45) DEFAULT NULL,
  `zone` varchar(45) DEFAULT NULL,
  `status` varchar(45) DEFAULT NULL,
  `createTime` datetime DEFAULT NULL,
  `asset` int(11) DEFAULT NULL,
  `instanceId` varchar(90) DEFAULT NULL,
  `device` varchar(90) DEFAULT NULL,
  `name` varchar(90) DEFAULT NULL,
  PRIMARY KEY (`id`),
  KEY `ix_Volume_Info_Asset1` (`asset`),
  CONSTRAINT `fk_Volume_Info_Asset1` FOREIGN KEY (`asset`) REFERENCES `asset` (`id`) ON DELETE NO ACTION ON UPDATE NO ACTION
) ENGINE=InnoDB DEFAULT CHARSET=utf8;
/*!40101 SET character_set_client = @saved_cs_client */;

--
-- Dumping data for table `volume_info_p`
--

LOCK TABLES `volume_info_p` WRITE;
/*!40000 ALTER TABLE `volume_info_p` DISABLE KEYS */;
/*!40000 ALTER TABLE `volume_info_p` ENABLE KEYS */;
UNLOCK TABLES;

--
-- Table structure for table `workflow`
--

DROP TABLE IF EXISTS `workflow`;
/*!40101 SET @saved_cs_client     = @@character_set_client */;
/*!40101 SET character_set_client = utf8 */;
CREATE TABLE `workflow` (
  `id` int(11) NOT NULL AUTO_INCREMENT,
  `processId` varchar(45) DEFAULT NULL,
  `status` varchar(45) DEFAULT NULL,
  `assetId` int(11) DEFAULT NULL,
  `assetType` varchar(90) DEFAULT NULL,
  `user` int(11) DEFAULT NULL,
  PRIMARY KEY (`id`),
  KEY `fk_workflow_user` (`user`),
  CONSTRAINT `fk_workflow_user` FOREIGN KEY (`user`) REFERENCES `user` (`id`) ON DELETE NO ACTION ON UPDATE NO ACTION
) ENGINE=InnoDB AUTO_INCREMENT=57 DEFAULT CHARSET=utf8;
/*!40101 SET character_set_client = @saved_cs_client */;

--
-- Dumping data for table `workflow`
--

LOCK TABLES `workflow` WRITE;
/*!40000 ALTER TABLE `workflow` DISABLE KEYS */;
INSERT INTO `workflow` VALUES (1,'Compute_Request.100001','Verification by Admin',73,'ComputeReservation',34),(2,'Compute_Request.110002','Verification by Admin',74,'ComputeReservation',34),(3,'Compute_Request.110004','Verification by Admin',75,'ComputeReservation',34),(4,'Compute_Request.110006','Verification by Admin',76,'ComputeReservation',34),(5,'Compute_Request.120001','Verification by Admin',77,'ComputeReservation',34),(6,'Volume_Request.130001','Verification by Admin',62,'Volume',34),(7,'IpAddress_Request.130003','Verification by Admin',364,'IpAddress',34),(8,'IpAddress_Request.130005','Verification by Admin',368,'IpAddress',34),(9,'IpAddress_Request.130007','Verification by Admin',369,'IpAddress',34),(10,'Image_Request.140001','Verification by Admin',93,'ComputeImage',34),(11,'Compute_Request.150001','Verification by Admin',78,'ComputeReservation',34),(12,'Compute_Request.160001','Verification by Admin',79,'ComputeReservation',34),(13,'Compute_Request.170001','Verification by Admin',80,'ComputeReservation',34),(14,'Volume_Request.180001','Verification by Admin',63,'Volume',34),(15,'IpAddress_Request.180003','Verification by Admin',364,'IpAddress',34),(16,'Compute_Request.190001','Verification by Admin',74,'ComputeInstance',34),(17,'Compute_Request.190003','Verification by Admin',75,'ComputeInstance',34),(18,'Compute_Request.190005','Verification by Admin',76,'ComputeInstance',34),(19,'SecGroup_Request.190007','Verification by Admin',54,'SecurityGroup',34),(20,'Compute_Request.200001','Verification by Admin',77,'ComputeInstance',34),(21,'Compute_Request.220001','Verification by Admin',78,'ComputeInstance',34),(22,'SecGroup_Request.230001','Verification by Admin',55,'SecurityGroup',53),(23,'Compute_Request.230004','Verification by Admin',79,'ComputeInstance',53),(24,'Compute_Request.240001','Verification by Admin',80,'ComputeInstance',34),(25,'SecGroup_Request.250001','Verification by Admin',56,'SecurityGroup',56),(26,'SecGroup_Request.250003','Verification by Admin',57,'SecurityGroup',56),(27,'SecGroup_Request.260001','Verification by Admin',58,'SecurityGroup',56),(28,'Compute_Request.270001','Verification by Admin',81,'ComputeInstance',56),(29,'SecGroup_Request.280001','Verification by Admin',59,'SecurityGroup',56),(30,'SecGroup_Request.280003','Verification by Admin',59,'SecurityGroup',56),(31,'SecGroup_Request.280005','Verification by Admin',60,'SecurityGroup',56),(32,'SecGroup_Request.280007','Verification by Admin',60,'SecurityGroup',56),(33,'SecGroup_Request.280009','Verification by Admin',61,'SecurityGroup',34),(34,'SecGroup_Request.280011','Verification by Admin',62,'SecurityGroup',34),(35,'SecGroup_Request.280013','Verification by Admin',63,'SecurityGroup',34),(36,'Compute_Request.290001','Verification by Admin',82,'ComputeInstance',56),(37,'Volume_Request.300002','Verification by Admin',64,'Volume',56),(38,'Volume_Request.300005','Verification by Admin',65,'Volume',56),(39,'Volume_Request.300008','Verification by Admin',66,'Volume',56),(40,'Volume_Request.300011','Verification by Admin',67,'Volume',56),(41,'Volume_Request.300014','Verification by Admin',68,'Volume',56),(42,'IpAddress_Request.300017','Verification by Admin',365,'IpAddress',56),(43,'IpAddress_Request.300020','Verification by Admin',366,'IpAddress',56),(44,'IpAddress_Request.300023','Verification by Admin',367,'IpAddress',56),(45,'IpAddress_Request.300026','Verification by Admin',368,'IpAddress',56),(46,'IpAddress_Request.300029','Verification by Admin',369,'IpAddress',56),(47,'IpAddress_Request.310001','Verification by Admin',370,'IpAddress',56),(48,'IpAddress_Request.310003','Verification by Admin',374,'IpAddress',56),(49,'IpAddress_Request.310005','Verification by Admin',375,'IpAddress',56),(50,'IpAddress_Request.310007','Verification by Admin',376,'IpAddress',56),(51,'IpAddress_Request.310009','Verification by Admin',377,'IpAddress',56),(52,'Compute_Request.320001','Verification by Admin',83,'ComputeInstance',58),(53,'Compute_Request.320004','Verification by Admin',84,'ComputeInstance',58),(54,'Compute_Request.330001','Verification by Admin',85,'ComputeInstance',58),(55,'Compute_Request.330004','Verification by Admin',86,'ComputeInstance',58),(56,'Compute_Request.330007','Verification by Admin',87,'ComputeInstance',58);
/*!40000 ALTER TABLE `workflow` ENABLE KEYS */;
UNLOCK TABLES;
/*!40103 SET TIME_ZONE=@OLD_TIME_ZONE */;

/*!40101 SET SQL_MODE=@OLD_SQL_MODE */;
/*!40014 SET FOREIGN_KEY_CHECKS=@OLD_FOREIGN_KEY_CHECKS */;
/*!40014 SET UNIQUE_CHECKS=@OLD_UNIQUE_CHECKS */;
/*!40101 SET CHARACTER_SET_CLIENT=@OLD_CHARACTER_SET_CLIENT */;
/*!40101 SET CHARACTER_SET_RESULTS=@OLD_CHARACTER_SET_RESULTS */;
/*!40101 SET COLLATION_CONNECTION=@OLD_COLLATION_CONNECTION */;
/*!40111 SET SQL_NOTES=@OLD_SQL_NOTES */;

-- Dump completed on 2012-03-12 21:49:36
